gene_2	SRR8088696.16418329.1	55.102	49	22	0	204	252	149	3	9.34e-12	66.6
gene_2	SRR8088696.3523610.2	60.417	48	19	0	336	383	144	1	1.89e-11	65.9
gene_2	SRR8088696.704861.2	53.191	47	22	0	193	239	149	9	8.40e-11	63.9
gene_2	SRR8088696.23225853.2	55.319	47	21	0	209	255	2	142	1.08e-10	63.5
gene_2	SRR8088696.20685332.2	50.000	50	25	0	229	278	150	1	9.34e-09	58.2
gene_2	SRR8088696.18495018.2	56.818	44	19	0	326	369	135	4	2.51e-08	57.0
gene_2	SRR8088696.10003150.2	44.000	50	28	0	266	315	150	1	1.50e-06	52.0
gene_2	SRR8088696.18495018.1	50.000	44	22	0	257	300	12	143	1.82e-06	51.6
gene_2	SRR8088696.14206882.2	44.898	49	27	0	71	119	150	4	9.37e-06	49.7
gene_2	SRR8088696.10037313.1	51.020	49	24	0	414	462	1	147	1.04e-05	49.7
gene_2	SRR8088696.3523610.1	41.860	43	25	0	278	320	11	139	1.17e-05	49.3
gene_2	SRR8088696.8612912.2	48.980	49	25	0	48	96	4	150	4.63e-05	47.8
gene_2	SRR8088696.19489270.1	50.000	48	24	0	27	74	144	1	4.77e-05	47.8
gene_4	SRR8088696.9418829.1	58.000	50	21	0	339	388	150	1	9.95e-13	69.3
gene_4	SRR8088696.15165773.1	62.000	50	17	2	374	422	2	148	2.73e-10	62.4
gene_4	SRR8088696.18873107.1	54.000	50	23	0	352	401	1	150	6.39e-10	61.2
gene_4	SRR8088696.7163280.1	48.000	50	26	0	369	418	151	2	1.38e-09	60.1
gene_4	SRR8088696.7163280.2	55.556	45	20	0	336	380	15	149	6.82e-08	55.5
gene_4	SRR8088696.14590607.2	47.917	48	25	0	370	417	149	6	1.95e-07	54.3
gene_4	SRR8088696.22341425.2	50.000	50	24	1	244	293	149	3	5.95e-07	52.8
gene_4	SRR8088696.13424554.2	46.000	50	26	1	140	189	3	149	1.01e-05	49.3
gene_4	SRR8088696.20040805.2	42.553	47	27	0	139	185	149	9	2.35e-05	48.1
gene_4	SRR8088696.22110582.2	48.980	49	25	0	354	402	149	3	3.68e-05	47.8
gene_5	SRR8088696.9858303.2	65.306	49	17	0	57	105	3	149	2.30e-14	73.6
gene_5	SRR8088696.16532618.2	62.222	45	17	0	185	229	3	137	6.87e-11	63.5
gene_5	SRR8088696.9858303.1	56.522	46	20	0	84	129	138	1	1.41e-09	60.1
gene_5	SRR8088696.20955589.2	50.000	50	24	1	10	58	151	2	7.00e-07	52.4
gene_5	SRR8088696.15118507.1	48.980	49	25	0	85	133	2	148	6.28e-06	49.7
gene_5	SRR8088696.14751485.2	48.980	49	25	0	85	133	147	1	8.42e-06	49.3
gene_5	SRR8088696.22095582.2	46.000	50	27	0	86	135	150	1	2.95e-05	47.8
gene_11	SRR8088696.2424009.1	61.364	44	17	0	356	399	19	150	2.88e-06	50.8
gene_12	SRR8088696.6244901.1	59.184	49	20	0	76	124	3	149	5.84e-11	63.5
gene_12	SRR8088696.93349.2	62.000	50	18	1	47	95	150	1	1.03e-09	60.1
gene_12	SRR8088696.15172829.2	63.265	49	17	1	50	97	1	147	3.58e-09	58.5
gene_12	SRR8088696.4430169.2	63.265	49	17	1	50	97	1	147	3.58e-09	58.5
gene_12	SRR8088696.19024219.2	50.000	50	25	0	76	125	2	151	2.62e-07	53.1
gene_12	SRR8088696.8993400.2	56.098	41	18	0	94	134	3	125	5.18e-07	52.4
gene_13	SRR8088696.5394701.1	57.143	49	20	1	41	88	4	150	1.19e-07	50.8
gene_13	SRR8088696.4594596.2	58.491	53	17	2	51	102	150	4	1.63e-07	50.4
gene_13	SRR8088696.4619544.2	56.604	53	18	2	51	102	150	4	5.30e-07	49.3
gene_13	SRR8088696.12404633.1	54.348	46	20	1	25	69	13	150	7.49e-05	43.5
gene_18	SRR8088696.21764503.1	60.000	50	20	0	28	77	150	1	7.54e-09	55.8
gene_18	SRR8088696.16438383.1	57.143	49	21	0	37	85	150	4	7.45e-08	53.1
gene_18	SRR8088696.16438396.1	55.102	49	22	0	37	85	150	4	2.59e-07	51.6
gene_18	SRR8088696.10358806.1	55.814	43	19	0	43	85	137	9	3.40e-05	45.8
gene_19	SRR8088696.12283424.2	40.816	49	29	0	478	526	148	2	2.68e-05	49.3
gene_19	SRR8088696.5064571.2	54.167	48	22	0	424	471	5	148	4.94e-05	48.5
gene_24	SRR8088696.530567.2	91.667	48	4	0	281	328	146	3	6.15e-21	90.5
gene_24	SRR8088696.23399361.2	83.673	49	8	0	290	338	5	151	3.06e-19	86.3
gene_24	SRR8088696.8366760.2	87.234	47	6	0	282	328	143	3	2.32e-18	83.6
gene_24	SRR8088696.19088842.2	69.388	49	15	0	22	70	149	3	2.22e-14	72.8
gene_24	SRR8088696.8366760.1	71.739	46	13	0	216	261	12	149	6.76e-11	63.2
gene_24	SRR8088696.530567.1	71.739	46	13	0	216	261	12	149	6.76e-11	63.2
gene_24	SRR8088696.8017699.2	58.333	48	20	0	90	137	145	2	2.25e-10	62.0
gene_24	SRR8088696.3751373.1	90.323	31	3	0	308	338	3	95	7.85e-10	60.5
gene_24	SRR8088696.17198642.2	74.000	50	13	0	135	184	1	150	3.16e-08	55.8
gene_24	SRR8088696.17198642.1	64.000	50	18	0	244	293	150	1	4.25e-08	55.5
gene_24	SRR8088696.15775300.1	61.905	42	16	0	285	326	149	24	2.52e-07	53.1
gene_24	SRR8088696.115693.2	54.167	48	21	1	288	334	145	2	4.25e-07	52.8
gene_24	SRR8088696.22597892.1	54.348	46	21	0	293	338	150	13	2.54e-06	50.4
gene_24	SRR8088696.1405115.2	58.974	39	16	0	288	326	4	120	2.80e-06	50.1
gene_24	SRR8088696.1405115.1	58.974	39	16	0	288	326	122	6	2.80e-06	50.1
gene_24	SRR8088696.21809827.2	67.347	49	16	0	122	170	1	147	4.43e-06	49.7
gene_24	SRR8088696.115693.1	57.143	42	18	0	285	326	15	140	5.31e-06	49.7
gene_24	SRR8088696.5174412.1	44.444	63	21	1	255	317	148	2	1.36e-05	48.5
gene_26	SRR8088696.16230679.2	67.857	28	9	0	2	29	66	149	5.90e-05	42.0
gene_34	SRR8088696.20575054.2	90.000	50	5	0	53	102	1	150	4.37e-26	99.0
gene_34	SRR8088696.10028682.2	90.000	50	5	0	53	102	1	150	4.37e-26	99.0
gene_34	SRR8088696.464495.2	87.755	49	6	0	32	80	3	149	1.31e-24	95.1
gene_34	SRR8088696.9404795.2	89.796	49	5	0	50	98	149	3	3.01e-24	94.4
gene_34	SRR8088696.9443729.1	86.000	50	7	0	23	72	151	2	4.55e-24	93.6
gene_34	SRR8088696.21287682.2	84.000	50	8	0	53	102	1	150	2.57e-22	89.4
gene_34	SRR8088696.5663143.1	72.000	50	14	0	37	86	1	150	8.93e-21	85.5
gene_34	SRR8088696.22875394.1	68.000	50	16	0	28	77	150	1	1.67e-18	79.7
gene_34	SRR8088696.1302683.1	64.000	50	18	0	34	83	150	1	5.63e-18	78.2
gene_34	SRR8088696.16540908.1	64.000	50	18	0	35	84	1	150	6.14e-18	78.2
gene_34	SRR8088696.1077833.2	69.388	49	15	0	42	90	147	1	2.78e-17	76.6
gene_34	SRR8088696.264553.2	69.388	49	15	0	42	90	147	1	2.78e-17	76.6
gene_34	SRR8088696.19631441.1	64.000	50	18	0	36	85	150	1	2.81e-17	76.3
gene_34	SRR8088696.11569440.1	64.000	50	18	0	6	55	150	1	2.93e-17	76.3
gene_34	SRR8088696.12196897.2	63.265	49	18	0	37	85	2	148	3.56e-17	76.3
gene_34	SRR8088696.14219328.2	70.213	47	14	0	1	47	8	148	3.68e-17	76.3
gene_34	SRR8088696.10102099.2	71.429	49	14	0	49	97	3	149	3.76e-17	76.3
gene_34	SRR8088696.17877215.1	63.265	49	18	0	8	56	3	149	4.06e-17	75.9
gene_34	SRR8088696.18445100.2	63.265	49	18	0	32	80	3	149	4.19e-17	75.9
gene_34	SRR8088696.11700517.2	63.265	49	18	0	32	80	3	149	4.19e-17	75.9
gene_34	SRR8088696.4044792.1	63.265	49	18	0	32	80	3	149	4.19e-17	75.9
gene_34	SRR8088696.15668531.2	63.265	49	18	0	12	60	150	4	5.44e-17	75.9
gene_34	SRR8088696.15481718.1	60.000	50	20	0	6	55	150	1	6.13e-17	75.5
gene_34	SRR8088696.10670937.1	68.000	50	16	0	53	102	1	150	6.27e-17	75.5
gene_34	SRR8088696.22875373.1	67.347	49	16	0	28	76	150	4	7.06e-17	75.5
gene_34	SRR8088696.15647993.2	60.000	50	20	0	32	81	2	151	7.78e-17	75.5
gene_34	SRR8088696.23021211.1	70.588	51	14	1	27	77	151	2	1.09e-16	75.1
gene_34	SRR8088696.19415006.2	63.265	49	18	0	26	74	3	149	1.27e-16	74.7
gene_34	SRR8088696.463851.2	66.667	48	16	0	29	76	144	1	1.34e-16	74.7
gene_34	SRR8088696.13739034.2	62.000	50	19	0	2	51	2	151	1.46e-16	74.7
gene_34	SRR8088696.15668531.1	62.000	50	19	0	2	51	2	151	1.46e-16	74.7
gene_34	SRR8088696.20786567.1	65.306	49	17	0	39	87	148	2	1.56e-16	74.7
gene_34	SRR8088696.1981630.1	62.500	48	18	0	34	81	3	146	1.89e-16	74.3
gene_34	SRR8088696.20205074.1	70.000	50	14	1	29	78	149	3	1.89e-16	74.3
gene_34	SRR8088696.7231864.2	69.388	49	15	0	54	102	2	148	2.28e-16	73.9
gene_34	SRR8088696.7231880.1	69.388	49	15	0	54	102	148	2	2.28e-16	73.9
gene_34	SRR8088696.7231864.1	69.388	49	15	0	54	102	148	2	2.28e-16	73.9
gene_34	SRR8088696.12787351.2	70.833	48	14	0	42	89	5	148	2.38e-16	73.9
gene_34	SRR8088696.20462569.2	66.667	48	16	0	29	76	144	1	3.40e-16	73.6
gene_34	SRR8088696.22500434.2	61.224	49	19	0	37	85	149	3	4.00e-16	73.6
gene_34	SRR8088696.5159424.2	69.388	49	15	0	56	104	1	147	6.59e-16	72.8
gene_34	SRR8088696.18544567.1	64.706	51	17	1	11	61	150	1	1.05e-15	72.4
gene_34	SRR8088696.1047555.1	67.347	49	16	0	50	98	149	3	1.16e-15	72.4
gene_34	SRR8088696.9964879.1	70.213	47	14	0	63	109	151	11	1.32e-15	72.0
gene_34	SRR8088696.7231880.2	67.347	49	16	0	54	102	2	148	1.73e-15	72.0
gene_34	SRR8088696.3375875.1	56.000	50	22	0	10	59	150	1	1.75e-15	72.0
gene_34	SRR8088696.16347657.2	64.000	50	18	0	51	100	151	2	1.95e-15	71.6
gene_34	SRR8088696.1302683.2	61.702	47	18	0	1	47	11	151	2.32e-15	71.6
gene_34	SRR8088696.20737432.1	61.702	47	18	0	1	47	11	151	2.32e-15	71.6
gene_34	SRR8088696.6504692.1	65.306	49	17	0	63	111	149	3	2.69e-15	71.2
gene_34	SRR8088696.14875099.2	61.702	47	18	0	28	74	3	143	3.61e-15	70.9
gene_34	SRR8088696.5341675.2	57.143	49	21	0	11	59	149	3	3.65e-15	70.9
gene_34	SRR8088696.6791692.1	63.265	49	18	0	2	50	147	1	4.48e-15	70.9
gene_34	SRR8088696.10670931.1	64.000	50	18	0	53	102	1	150	6.07e-15	70.5
gene_34	SRR8088696.14169378.1	58.333	48	20	0	31	78	146	3	6.69e-15	70.5
gene_34	SRR8088696.4160080.2	68.085	47	15	0	50	96	4	144	7.79e-15	70.1
gene_34	SRR8088696.2012860.1	68.085	47	15	0	50	96	4	144	7.79e-15	70.1
gene_34	SRR8088696.22903288.2	57.143	49	21	0	2	50	2	148	8.58e-15	70.1
gene_34	SRR8088696.22577916.2	57.143	49	21	0	2	50	2	148	8.58e-15	70.1
gene_34	SRR8088696.20150837.2	57.143	49	21	0	2	50	2	148	8.58e-15	70.1
gene_34	SRR8088696.20150837.1	57.143	49	21	0	25	73	147	1	9.36e-15	70.1
gene_34	SRR8088696.22500434.1	55.102	49	22	0	31	79	4	150	9.46e-15	70.1
gene_34	SRR8088696.12383244.2	62.000	50	18	1	49	97	150	1	9.67e-15	70.1
gene_34	SRR8088696.20497710.1	58.000	50	21	0	20	69	1	150	1.07e-14	69.7
gene_34	SRR8088696.12500151.2	59.184	49	20	0	32	80	3	149	1.09e-14	69.7
gene_34	SRR8088696.13194009.1	64.583	48	17	0	64	111	150	7	1.24e-14	69.7
gene_34	SRR8088696.11850262.1	66.667	48	16	0	44	91	146	3	1.29e-14	69.7
gene_34	SRR8088696.4430579.1	66.667	48	16	0	44	91	146	3	1.29e-14	69.7
gene_34	SRR8088696.13240773.2	57.447	47	20	0	1	47	9	149	2.15e-14	68.9
gene_34	SRR8088696.5004801.1	61.702	47	18	0	25	71	141	1	2.42e-14	68.9
gene_34	SRR8088696.5004791.1	61.702	47	18	0	25	71	141	1	2.42e-14	68.9
gene_34	SRR8088696.4841171.2	55.102	49	22	0	18	66	3	149	2.50e-14	68.9
gene_34	SRR8088696.5277211.1	60.000	50	19	1	35	84	149	3	3.08e-14	68.6
gene_34	SRR8088696.17830455.2	64.444	45	16	0	70	114	2	136	3.14e-14	68.6
gene_34	SRR8088696.11596922.2	55.102	49	22	0	18	66	3	149	3.58e-14	68.6
gene_34	SRR8088696.10832099.2	67.391	46	15	0	65	110	149	12	3.86e-14	68.6
gene_34	SRR8088696.21067447.1	56.250	48	21	0	25	72	145	2	4.26e-14	68.2
gene_34	SRR8088696.6194222.1	56.250	48	21	0	25	72	7	150	4.26e-14	68.2
gene_34	SRR8088696.6152987.2	56.000	50	22	0	52	101	150	1	5.06e-14	68.2
gene_34	SRR8088696.3375875.2	57.447	47	20	0	1	47	11	151	6.77e-14	67.8
gene_34	SRR8088696.15481718.2	55.319	47	21	0	1	47	10	150	6.92e-14	67.8
gene_34	SRR8088696.11700517.1	57.143	49	21	0	45	93	151	5	8.32e-14	67.4
gene_34	SRR8088696.17669398.2	59.184	49	20	0	59	107	4	150	8.41e-14	67.4
gene_34	SRR8088696.16730423.1	60.000	50	20	0	29	78	150	1	8.69e-14	67.4
gene_34	SRR8088696.21461192.2	55.102	49	22	0	18	66	3	149	1.09e-13	67.4
gene_34	SRR8088696.8556055.1	58.333	48	20	0	46	93	1	144	1.46e-13	67.0
gene_34	SRR8088696.6152987.1	55.102	49	22	0	19	67	1	147	1.48e-13	67.0
gene_34	SRR8088696.18779420.1	57.143	49	21	0	6	54	2	148	1.66e-13	66.6
gene_34	SRR8088696.22577916.1	52.000	50	24	0	10	59	150	1	1.75e-13	66.6
gene_34	SRR8088696.4572551.1	54.000	50	23	0	20	69	1	150	1.79e-13	66.6
gene_34	SRR8088696.11148487.2	60.000	50	20	0	35	84	2	151	2.04e-13	66.6
gene_34	SRR8088696.262166.2	61.224	49	19	0	59	107	4	150	2.13e-13	66.6
gene_34	SRR8088696.2742501.2	56.000	50	21	1	29	78	149	3	2.20e-13	66.6
gene_34	SRR8088696.2649779.2	56.000	50	21	1	29	78	149	3	2.20e-13	66.6
gene_34	SRR8088696.22658790.1	55.102	49	22	0	9	57	151	5	2.37e-13	66.2
gene_34	SRR8088696.14773069.2	54.167	48	22	0	10	57	150	7	2.40e-13	66.2
gene_34	SRR8088696.10600661.2	59.574	47	19	0	1	47	4	144	2.70e-13	66.2
gene_34	SRR8088696.18616457.2	59.184	49	19	1	9	57	148	5	3.66e-13	65.9
gene_34	SRR8088696.17669387.2	59.184	49	20	0	59	107	4	150	4.34e-13	65.9
gene_34	SRR8088696.10280742.2	55.319	47	21	0	1	47	11	151	4.64e-13	65.5
gene_34	SRR8088696.17877215.2	55.102	49	22	0	43	91	151	5	5.11e-13	65.5
gene_34	SRR8088696.19933849.2	54.000	50	23	0	5	54	2	151	5.28e-13	65.5
gene_34	SRR8088696.11565885.1	59.091	44	18	0	1	44	17	148	5.87e-13	65.5
gene_34	SRR8088696.8099415.2	55.102	49	22	0	2	50	2	148	6.55e-13	65.1
gene_34	SRR8088696.21508893.2	56.522	46	20	0	1	46	12	149	1.08e-12	64.7
gene_34	SRR8088696.21761203.1	60.465	43	17	0	72	114	150	22	1.09e-12	64.7
gene_34	SRR8088696.21504096.1	53.061	49	23	0	9	57	151	5	1.16e-12	64.7
gene_34	SRR8088696.5277211.2	58.333	48	19	1	26	73	9	149	1.29e-12	64.3
gene_34	SRR8088696.20786567.2	56.818	44	19	0	1	44	18	149	1.32e-12	64.3
gene_34	SRR8088696.1409194.1	58.333	48	20	0	62	109	6	149	1.34e-12	64.3
gene_34	SRR8088696.15507457.2	58.333	48	20	0	26	73	3	146	1.36e-12	64.3
gene_34	SRR8088696.212824.1	55.102	49	22	0	44	92	147	1	1.42e-12	64.3
gene_34	SRR8088696.5355444.2	53.191	47	22	0	1	47	9	149	1.69e-12	64.3
gene_34	SRR8088696.1981630.2	59.574	47	19	0	63	109	149	9	2.31e-12	63.9
gene_34	SRR8088696.11612908.2	52.000	50	24	0	55	104	2	151	2.93e-12	63.5
gene_34	SRR8088696.3783260.2	57.143	49	20	1	9	57	148	5	3.20e-12	63.5
gene_34	SRR8088696.4278033.1	56.000	50	22	0	59	108	1	150	4.10e-12	63.2
gene_34	SRR8088696.7065094.2	78.571	42	9	0	1	42	127	2	4.23e-12	63.2
gene_34	SRR8088696.18544567.2	64.286	42	15	0	1	42	24	149	4.42e-12	63.2
gene_34	SRR8088696.3075236.1	61.224	49	18	1	5	53	145	2	4.62e-12	63.2
gene_34	SRR8088696.2982810.2	55.102	49	22	0	56	104	1	147	4.72e-12	63.2
gene_34	SRR8088696.4044792.2	53.061	49	23	0	60	108	149	3	4.82e-12	63.2
gene_34	SRR8088696.22903288.1	55.102	49	22	0	56	104	149	3	5.66e-12	62.8
gene_34	SRR8088696.13240773.1	55.102	49	22	0	56	104	149	3	5.66e-12	62.8
gene_34	SRR8088696.5790079.2	54.000	50	23	0	57	106	1	150	5.79e-12	62.8
gene_34	SRR8088696.10311572.1	53.061	49	23	0	19	67	1	147	5.79e-12	62.8
gene_34	SRR8088696.22187501.2	48.980	49	25	0	7	55	150	4	6.31e-12	62.8
gene_34	SRR8088696.8153279.2	53.061	49	23	0	52	100	148	2	8.34e-12	62.4
gene_34	SRR8088696.4638481.2	53.061	49	22	1	36	83	148	2	8.53e-12	62.4
gene_34	SRR8088696.21461192.1	55.102	49	22	0	59	107	148	2	1.14e-11	62.0
gene_34	SRR8088696.2681665.2	53.191	47	22	0	63	109	141	1	1.18e-11	62.0
gene_34	SRR8088696.8707441.1	55.102	49	22	0	31	79	1	147	1.26e-11	62.0
gene_34	SRR8088696.8572905.2	56.000	50	21	1	51	100	148	2	1.51e-11	61.6
gene_34	SRR8088696.16139830.1	52.000	50	23	1	32	80	2	151	1.58e-11	61.6
gene_34	SRR8088696.19997268.1	52.000	50	24	0	56	105	151	2	1.70e-11	61.6
gene_34	SRR8088696.14408800.2	52.000	50	24	0	55	104	2	151	1.72e-11	61.6
gene_34	SRR8088696.4682622.1	58.000	50	20	1	59	107	2	151	1.81e-11	61.6
gene_34	SRR8088696.18445100.1	55.556	45	20	0	65	109	150	16	2.09e-11	61.2
gene_34	SRR8088696.15411561.1	58.140	43	18	0	1	43	23	151	2.35e-11	61.2
gene_34	SRR8088696.17947627.2	57.143	49	21	0	45	93	149	3	2.40e-11	61.2
gene_34	SRR8088696.12500151.1	48.000	50	26	0	53	102	151	2	2.59e-11	61.2
gene_34	SRR8088696.13739034.1	51.020	49	24	0	56	104	149	3	3.01e-11	60.8
gene_34	SRR8088696.2240775.2	52.083	48	23	0	5	52	146	3	3.04e-11	60.8
gene_34	SRR8088696.18597020.1	50.000	50	25	0	57	106	1	150	3.31e-11	60.8
gene_34	SRR8088696.8583394.1	53.061	49	23	0	50	98	149	3	3.35e-11	60.8
gene_34	SRR8088696.22009084.1	52.083	48	23	0	57	104	1	144	3.85e-11	60.8
gene_34	SRR8088696.21067447.2	54.762	42	19	0	1	42	26	151	4.58e-11	60.5
gene_34	SRR8088696.5341675.1	54.762	42	19	0	1	42	25	150	4.58e-11	60.5
gene_34	SRR8088696.5947647.2	52.000	50	24	0	14	63	2	151	4.68e-11	60.5
gene_34	SRR8088696.3287510.1	52.083	48	23	0	57	104	3	146	5.26e-11	60.5
gene_34	SRR8088696.11612908.1	48.980	49	25	0	65	113	149	3	5.68e-11	60.5
gene_34	SRR8088696.11744273.1	48.980	49	25	0	68	116	1	147	5.93e-11	60.1
gene_34	SRR8088696.10280742.1	56.522	46	20	0	64	109	151	14	5.99e-11	60.1
gene_34	SRR8088696.13586653.1	53.061	49	23	0	31	79	1	147	6.12e-11	60.1
gene_34	SRR8088696.15199527.1	59.524	42	17	0	52	93	18	143	6.53e-11	60.1
gene_34	SRR8088696.7046608.1	52.083	48	23	0	57	104	3	146	6.74e-11	60.1
gene_34	SRR8088696.8556055.2	59.091	44	18	0	66	109	151	20	8.82e-11	59.7
gene_34	SRR8088696.3899741.1	53.191	47	22	0	47	93	3	143	9.11e-11	59.7
gene_34	SRR8088696.1537102.1	48.980	49	25	0	14	62	2	148	9.30e-11	59.7
gene_34	SRR8088696.5047701.1	50.000	48	24	0	64	111	149	6	9.41e-11	59.7
gene_34	SRR8088696.18302122.1	46.939	49	26	0	6	54	2	148	9.82e-11	59.7
gene_34	SRR8088696.21652201.2	60.417	48	19	0	44	91	146	3	9.82e-11	59.7
gene_34	SRR8088696.6194222.2	56.522	46	20	0	64	109	148	11	1.20e-10	59.3
gene_34	SRR8088696.1371006.1	60.465	43	17	0	72	114	150	22	1.22e-10	59.3
gene_34	SRR8088696.22009084.2	48.980	49	25	0	56	104	149	3	1.23e-10	59.3
gene_34	SRR8088696.1856952.2	52.000	50	23	1	31	79	150	1	1.40e-10	59.3
gene_34	SRR8088696.20391467.2	54.762	42	19	0	64	105	2	127	1.70e-10	58.9
gene_34	SRR8088696.5431703.1	47.917	48	25	0	64	111	149	6	2.20e-10	58.9
gene_34	SRR8088696.12885123.2	52.083	48	22	1	37	83	3	146	2.27e-10	58.5
gene_34	SRR8088696.19512290.2	54.167	48	21	1	53	99	3	146	3.17e-10	58.5
gene_34	SRR8088696.21044250.2	48.980	49	24	1	31	78	147	1	3.27e-10	58.2
gene_34	SRR8088696.5027540.2	48.980	49	24	1	31	78	149	3	3.34e-10	58.2
gene_34	SRR8088696.22546903.1	56.000	50	21	1	34	83	151	5	3.34e-10	58.2
gene_34	SRR8088696.19226442.2	52.000	50	23	1	43	91	2	151	3.61e-10	58.2
gene_34	SRR8088696.11850262.2	59.524	42	17	0	2	43	25	150	3.68e-10	58.2
gene_34	SRR8088696.4430579.2	59.524	42	17	0	2	43	25	150	3.68e-10	58.2
gene_34	SRR8088696.1077833.1	63.158	38	14	0	1	38	36	149	4.19e-10	58.2
gene_34	SRR8088696.264553.1	63.158	38	14	0	1	38	36	149	4.19e-10	58.2
gene_34	SRR8088696.15224838.1	50.980	51	24	1	22	72	2	151	4.42e-10	58.2
gene_34	SRR8088696.22062581.2	53.061	49	22	1	31	78	149	3	4.47e-10	58.2
gene_34	SRR8088696.19147370.2	52.000	50	23	1	42	90	150	1	5.08e-10	57.8
gene_34	SRR8088696.19385929.2	48.000	50	25	1	26	74	1	150	5.25e-10	57.8
gene_34	SRR8088696.4604192.1	53.846	52	22	1	52	103	150	1	5.85e-10	57.8
gene_34	SRR8088696.4778267.2	51.020	49	24	0	60	108	4	150	6.79e-10	57.4
gene_34	SRR8088696.10229911.1	52.000	50	23	1	31	80	2	148	7.32e-10	57.4
gene_34	SRR8088696.17126816.1	48.000	50	26	0	64	113	1	150	7.40e-10	57.4
gene_34	SRR8088696.4505751.1	48.000	50	26	0	46	95	1	150	7.98e-10	57.4
gene_34	SRR8088696.10024156.2	58.140	43	18	0	42	84	18	146	8.60e-10	57.4
gene_34	SRR8088696.10024148.2	58.140	43	18	0	42	84	18	146	8.60e-10	57.4
gene_34	SRR8088696.19692699.2	46.000	50	26	1	31	79	151	2	8.98e-10	57.0
gene_34	SRR8088696.15067915.1	46.000	50	26	1	31	79	150	1	8.98e-10	57.0
gene_34	SRR8088696.14513054.2	57.143	49	20	1	29	77	145	2	1.01e-09	57.0
gene_34	SRR8088696.18049539.1	52.000	50	24	0	52	101	150	1	1.10e-09	57.0
gene_34	SRR8088696.5091240.1	52.000	50	24	0	52	101	150	1	1.10e-09	57.0
gene_34	SRR8088696.11742507.1	58.974	39	16	0	1	39	117	1	1.27e-09	56.6
gene_34	SRR8088696.20867229.1	48.980	49	24	1	26	73	149	3	1.39e-09	56.6
gene_34	SRR8088696.9608534.2	46.939	49	26	0	45	93	4	150	1.82e-09	56.2
gene_34	SRR8088696.18071855.1	56.522	46	20	0	70	115	143	6	1.86e-09	56.2
gene_34	SRR8088696.21324588.1	48.000	50	25	1	23	71	1	150	2.21e-09	56.2
gene_34	SRR8088696.22552428.1	56.818	44	19	0	72	115	2	133	2.57e-09	55.8
gene_34	SRR8088696.15442280.2	48.000	50	26	0	6	55	150	1	3.22e-09	55.8
gene_34	SRR8088696.9203627.1	50.000	44	22	0	17	60	148	17	3.25e-09	55.8
gene_34	SRR8088696.20391467.1	52.381	42	20	0	64	105	148	23	3.54e-09	55.5
gene_34	SRR8088696.5730063.1	46.000	50	27	0	46	95	151	2	3.70e-09	55.5
gene_34	SRR8088696.9984991.1	48.000	50	26	0	52	101	150	1	3.78e-09	55.5
gene_34	SRR8088696.4310774.1	56.098	41	18	0	2	42	128	6	3.82e-09	55.5
gene_34	SRR8088696.11259499.2	57.143	49	20	1	29	77	145	2	3.94e-09	55.5
gene_34	SRR8088696.6929871.1	50.000	50	24	1	60	109	149	3	4.07e-09	55.5
gene_34	SRR8088696.5689717.1	52.174	46	22	0	1	46	139	2	4.68e-09	55.5
gene_34	SRR8088696.3152162.1	56.818	44	19	0	72	115	2	133	4.68e-09	55.5
gene_34	SRR8088696.20529465.1	58.974	39	16	0	1	39	117	1	4.78e-09	55.5
gene_34	SRR8088696.21761203.2	51.020	49	24	0	6	54	2	148	4.89e-09	55.5
gene_34	SRR8088696.1371006.2	51.020	49	24	0	6	54	2	148	4.89e-09	55.5
gene_34	SRR8088696.20704003.2	52.174	46	22	0	1	46	139	2	6.05e-09	55.1
gene_34	SRR8088696.6248745.2	46.939	49	26	0	28	76	148	2	6.19e-09	55.1
gene_34	SRR8088696.2005875.1	48.936	47	24	0	44	90	141	1	6.25e-09	55.1
gene_34	SRR8088696.12284514.2	48.889	45	23	0	17	61	1	135	6.60e-09	55.1
gene_34	SRR8088696.17811896.1	47.826	46	24	0	47	92	12	149	6.96e-09	55.1
gene_34	SRR8088696.15199527.2	48.000	50	26	0	55	104	150	1	7.34e-09	54.7
gene_34	SRR8088696.2495.1	56.098	41	18	0	69	109	142	20	7.34e-09	54.7
gene_34	SRR8088696.12909919.2	44.000	50	27	1	10	59	3	149	7.91e-09	54.7
gene_34	SRR8088696.1958458.2	52.273	44	21	0	2	45	19	150	8.08e-09	54.7
gene_34	SRR8088696.5519952.1	46.000	50	27	0	6	55	150	1	8.53e-09	54.7
gene_34	SRR8088696.9203607.1	47.727	44	23	0	17	60	148	17	9.39e-09	54.7
gene_34	SRR8088696.6758710.1	61.538	39	15	0	71	109	149	33	1.02e-08	54.3
gene_34	SRR8088696.13908042.1	51.064	47	22	1	10	56	12	149	1.03e-08	54.3
gene_34	SRR8088696.11129599.2	53.061	49	22	1	29	77	5	148	1.44e-08	53.9
gene_34	SRR8088696.22515336.2	64.865	37	13	0	77	113	5	115	1.84e-08	53.5
gene_34	SRR8088696.11654598.2	64.865	37	13	0	77	113	5	115	1.84e-08	53.5
gene_34	SRR8088696.22515336.1	64.865	37	13	0	77	113	113	3	1.84e-08	53.5
gene_34	SRR8088696.11654598.1	64.865	37	13	0	77	113	113	3	1.84e-08	53.5
gene_34	SRR8088696.20635788.2	51.020	49	23	1	17	65	1	144	2.03e-08	53.5
gene_34	SRR8088696.177944.1	45.833	48	25	1	24	70	144	1	2.21e-08	53.5
gene_34	SRR8088696.18302122.2	44.000	50	27	1	25	73	150	1	2.49e-08	53.5
gene_34	SRR8088696.19997268.2	48.980	49	25	0	8	56	3	149	2.80e-08	53.1
gene_34	SRR8088696.14687848.2	45.833	48	26	0	63	110	151	8	2.95e-08	53.1
gene_34	SRR8088696.5453556.2	42.000	50	29	0	1	50	1	150	3.08e-08	53.1
gene_34	SRR8088696.3899741.2	52.174	46	22	0	70	115	148	11	3.69e-08	53.1
gene_34	SRR8088696.6290004.2	50.000	44	22	0	45	88	148	17	4.06e-08	52.8
gene_34	SRR8088696.18180327.1	45.833	48	26	0	54	101	145	2	4.62e-08	52.8
gene_34	SRR8088696.19385929.1	50.000	40	20	0	63	102	147	28	4.72e-08	52.8
gene_34	SRR8088696.8467220.1	49.020	51	25	1	35	85	1	150	4.93e-08	52.8
gene_34	SRR8088696.4033758.2	56.410	39	17	0	5	43	119	3	6.10e-08	52.4
gene_34	SRR8088696.14169378.2	54.054	37	17	0	1	37	38	148	6.16e-08	52.4
gene_34	SRR8088696.13964987.1	52.000	50	23	1	8	57	3	149	6.64e-08	52.4
gene_34	SRR8088696.1583549.1	52.000	50	23	1	8	57	3	149	6.64e-08	52.4
gene_34	SRR8088696.18385998.1	48.980	49	24	1	27	74	3	149	7.01e-08	52.4
gene_34	SRR8088696.1657060.1	48.980	49	25	0	19	67	1	147	8.77e-08	52.0
gene_34	SRR8088696.16530026.2	46.939	49	26	0	60	108	4	150	9.45e-08	52.0
gene_34	SRR8088696.11148487.1	48.000	50	25	1	62	110	150	1	9.65e-08	52.0
gene_34	SRR8088696.6587958.1	44.681	47	25	1	29	74	146	6	1.06e-07	52.0
gene_34	SRR8088696.8440408.2	50.000	50	24	1	31	79	151	2	1.11e-07	51.6
gene_34	SRR8088696.9947825.2	56.522	46	19	1	38	83	150	16	1.13e-07	51.6
gene_34	SRR8088696.19134378.1	57.500	40	17	0	52	91	3	122	1.16e-07	51.6
gene_34	SRR8088696.5496618.2	53.659	41	19	0	57	97	123	1	1.28e-07	51.2
gene_34	SRR8088696.5496618.1	53.659	41	19	0	57	97	3	125	1.28e-07	51.2
gene_34	SRR8088696.9697717.1	55.556	45	20	0	70	114	2	136	1.30e-07	51.6
gene_34	SRR8088696.15699627.2	60.606	33	13	0	52	84	100	2	1.35e-07	51.2
gene_34	SRR8088696.15699627.1	60.606	33	13	0	52	84	1	99	1.35e-07	51.2
gene_34	SRR8088696.19282421.2	44.000	50	28	0	60	109	150	1	1.39e-07	51.6
gene_34	SRR8088696.2742501.1	50.000	42	20	1	16	57	24	146	1.54e-07	51.2
gene_34	SRR8088696.2649779.1	50.000	42	20	1	16	57	24	146	1.54e-07	51.2
gene_34	SRR8088696.70259.1	44.000	50	28	0	59	108	1	150	1.56e-07	51.2
gene_34	SRR8088696.13568959.2	85.185	27	4	0	1	27	68	148	1.59e-07	51.2
gene_34	SRR8088696.19226442.1	55.000	40	18	0	63	102	135	16	1.66e-07	51.2
gene_34	SRR8088696.22766280.2	50.000	44	22	0	52	95	134	3	1.72e-07	51.2
gene_34	SRR8088696.2920236.1	43.750	48	26	1	25	72	9	149	1.85e-07	51.2
gene_34	SRR8088696.1657030.1	46.939	49	26	0	19	67	1	147	1.99e-07	51.2
gene_34	SRR8088696.17849175.1	52.381	42	20	0	44	85	19	144	2.44e-07	50.8
gene_34	SRR8088696.21356305.1	46.939	49	26	0	31	79	5	151	2.47e-07	50.8
gene_34	SRR8088696.1013615.2	47.727	44	23	0	63	106	14	145	2.66e-07	50.8
gene_34	SRR8088696.13908042.2	44.681	47	26	0	70	116	149	9	2.83e-07	50.8
gene_34	SRR8088696.20205094.1	52.000	50	23	1	29	78	149	3	2.93e-07	50.8
gene_34	SRR8088696.6992224.1	44.186	43	24	0	1	43	6	134	3.09e-07	50.4
gene_34	SRR8088696.18390009.1	57.143	42	17	1	29	70	123	1	3.22e-07	50.4
gene_34	SRR8088696.7389700.2	46.000	50	26	1	25	74	4	150	3.62e-07	50.4
gene_34	SRR8088696.9478944.1	44.898	49	27	0	12	60	150	4	3.86e-07	50.4
gene_34	SRR8088696.1017886.1	44.898	49	27	0	12	60	150	4	3.86e-07	50.4
gene_34	SRR8088696.1222764.2	46.809	47	25	0	26	72	143	3	4.07e-07	50.1
gene_34	SRR8088696.1222764.1	46.809	47	25	0	26	72	1	141	4.07e-07	50.1
gene_34	SRR8088696.4115919.2	45.833	48	26	0	25	72	146	3	4.48e-07	50.1
gene_34	SRR8088696.18315725.2	42.857	49	28	0	12	60	147	1	4.53e-07	50.1
gene_34	SRR8088696.15305455.1	44.898	49	26	1	67	114	5	151	4.53e-07	50.1
gene_34	SRR8088696.17290103.1	48.000	50	24	1	32	81	144	1	7.31e-07	49.7
gene_34	SRR8088696.11645440.1	46.809	47	25	0	44	90	9	149	7.55e-07	49.7
gene_34	SRR8088696.5934776.1	51.111	45	22	0	4	48	135	1	7.55e-07	49.7
gene_34	SRR8088696.17972833.2	46.000	50	26	1	47	96	149	3	7.63e-07	49.7
gene_34	SRR8088696.13553054.1	44.000	50	28	0	1	50	1	150	8.22e-07	49.7
gene_34	SRR8088696.16331485.2	40.000	50	30	0	5	54	151	2	8.76e-07	49.3
gene_34	SRR8088696.13194009.2	45.652	46	25	0	5	50	13	150	9.24e-07	49.3
gene_34	SRR8088696.16540908.2	51.282	39	19	0	71	109	150	34	9.74e-07	49.3
gene_34	SRR8088696.19982171.1	48.980	49	25	0	52	100	148	2	1.02e-06	49.3
gene_34	SRR8088696.20075746.2	42.857	49	28	0	5	53	3	149	1.08e-06	49.3
gene_34	SRR8088696.11636484.2	51.282	39	19	0	1	39	117	1	1.11e-06	49.3
gene_34	SRR8088696.2173944.2	51.111	45	21	1	6	50	134	3	1.17e-06	49.3
gene_34	SRR8088696.19637292.2	46.939	49	25	1	55	102	150	4	1.26e-06	48.9
gene_34	SRR8088696.11767697.2	47.619	42	22	0	5	46	127	2	1.26e-06	48.9
gene_34	SRR8088696.11767680.2	47.619	42	22	0	5	46	127	2	1.26e-06	48.9
gene_34	SRR8088696.15582077.2	55.882	34	15	0	22	55	2	103	1.34e-06	48.5
gene_34	SRR8088696.15582077.1	55.882	34	15	0	22	55	102	1	1.34e-06	48.5
gene_34	SRR8088696.3574816.1	46.939	49	26	0	52	100	148	2	1.56e-06	48.9
gene_34	SRR8088696.7086400.2	45.455	44	24	0	63	106	11	142	1.59e-06	48.9
gene_34	SRR8088696.15667139.1	42.857	42	24	0	19	60	1	126	1.68e-06	48.5
gene_34	SRR8088696.13691784.2	48.980	49	24	1	29	77	145	2	1.69e-06	48.5
gene_34	SRR8088696.17641752.1	47.500	40	21	0	18	57	3	122	1.69e-06	48.5
gene_34	SRR8088696.16156179.1	61.111	36	14	0	79	114	3	110	1.75e-06	48.5
gene_34	SRR8088696.8061285.2	45.833	48	25	1	2	49	11	151	1.79e-06	48.5
gene_34	SRR8088696.6105604.2	42.857	49	28	0	5	53	3	149	2.07e-06	48.5
gene_34	SRR8088696.16797306.1	46.000	50	27	0	52	101	150	1	2.56e-06	48.1
gene_34	SRR8088696.11632318.1	46.000	50	27	0	52	101	150	1	2.56e-06	48.1
gene_34	SRR8088696.12509891.1	44.000	50	27	1	23	72	147	1	3.27e-06	47.8
gene_34	SRR8088696.3012380.1	47.917	48	25	0	49	96	148	5	3.84e-06	47.8
gene_34	SRR8088696.15426208.2	36.000	50	32	0	23	72	2	151	4.18e-06	47.8
gene_34	SRR8088696.3607434.2	36.000	50	32	0	23	72	2	151	4.18e-06	47.8
gene_34	SRR8088696.8999047.2	46.000	50	26	1	55	103	2	151	4.45e-06	47.8
gene_34	SRR8088696.7820078.2	44.898	49	26	1	22	70	145	2	4.69e-06	47.4
gene_34	SRR8088696.2973711.1	46.000	50	27	0	53	102	2	151	4.79e-06	47.4
gene_34	SRR8088696.11897920.2	40.816	49	29	0	49	97	4	150	5.05e-06	47.4
gene_34	SRR8088696.7046608.2	51.351	37	18	0	73	109	150	40	5.62e-06	47.4
gene_34	SRR8088696.9832676.1	42.000	50	29	0	12	61	150	1	5.62e-06	47.4
gene_34	SRR8088696.15844821.1	36.170	47	30	0	26	72	9	149	5.80e-06	47.4
gene_34	SRR8088696.14107751.2	47.917	48	25	0	49	96	3	146	5.86e-06	47.4
gene_34	SRR8088696.16059939.1	47.917	48	24	1	36	83	149	9	6.05e-06	47.4
gene_34	SRR8088696.18148371.2	43.478	46	26	0	68	113	148	11	6.31e-06	47.4
gene_34	SRR8088696.21324588.2	51.351	37	18	0	66	102	148	38	6.38e-06	47.4
gene_34	SRR8088696.9478939.1	42.857	49	28	0	12	60	150	4	6.45e-06	47.0
gene_34	SRR8088696.5261556.1	46.667	45	24	0	52	96	8	142	6.59e-06	47.0
gene_34	SRR8088696.12600403.1	48.889	45	23	0	49	93	143	9	7.25e-06	47.0
gene_34	SRR8088696.7165071.1	45.455	44	24	0	47	90	149	18	8.14e-06	47.0
gene_34	SRR8088696.2061998.2	48.889	45	23	0	49	93	141	7	8.41e-06	47.0
gene_34	SRR8088696.8954655.1	37.500	48	30	0	63	110	4	147	8.59e-06	47.0
gene_34	SRR8088696.10832099.1	52.778	36	17	0	5	40	39	146	9.05e-06	46.6
gene_34	SRR8088696.6781376.2	48.780	41	21	0	63	103	16	138	9.25e-06	46.6
gene_34	SRR8088696.3190024.1	44.186	43	24	0	2	44	18	146	9.25e-06	46.6
gene_34	SRR8088696.20449382.2	42.222	45	26	0	60	104	14	148	9.35e-06	46.6
gene_34	SRR8088696.7324821.2	58.065	31	13	0	25	55	4	96	9.43e-06	46.2
gene_34	SRR8088696.7324821.1	58.065	31	13	0	25	55	93	1	9.43e-06	46.2
gene_34	SRR8088696.8772867.2	48.837	43	21	1	6	48	126	1	1.03e-05	46.6
gene_34	SRR8088696.12462857.2	60.606	33	13	0	77	109	2	100	1.04e-05	46.6
gene_34	SRR8088696.15034174.2	46.939	49	26	0	52	100	5	151	1.06e-05	46.6
gene_34	SRR8088696.13133878.2	46.939	49	26	0	52	100	5	151	1.06e-05	46.6
gene_34	SRR8088696.7028525.1	46.939	49	26	0	52	100	148	2	1.06e-05	46.6
gene_34	SRR8088696.758510.1	46.939	49	26	0	52	100	5	151	1.06e-05	46.6
gene_34	SRR8088696.12067179.2	39.216	51	30	1	21	71	150	1	1.22e-05	46.6
gene_34	SRR8088696.19165043.1	39.583	48	28	1	10	57	4	144	1.33e-05	46.2
gene_34	SRR8088696.59381.2	53.191	47	21	1	1	47	141	4	1.33e-05	46.2
gene_34	SRR8088696.19134378.2	52.500	40	19	0	52	91	122	3	1.39e-05	46.2
gene_34	SRR8088696.18311630.1	48.889	45	23	0	52	96	139	5	1.43e-05	46.2
gene_34	SRR8088696.18518258.1	59.459	37	15	0	77	113	2	112	1.49e-05	46.2
gene_34	SRR8088696.5390858.1	52.941	51	19	3	39	85	150	1	1.54e-05	46.2
gene_34	SRR8088696.15936979.2	40.000	40	24	0	63	102	134	15	1.59e-05	46.2
gene_34	SRR8088696.19029129.2	50.000	50	24	1	34	83	1	147	1.69e-05	46.2
gene_34	SRR8088696.22099374.1	48.718	39	20	0	5	43	140	24	1.74e-05	45.8
gene_34	SRR8088696.7444965.1	48.718	39	20	0	5	43	140	24	1.74e-05	45.8
gene_34	SRR8088696.5525931.1	36.957	46	29	0	52	97	149	12	1.78e-05	45.8
gene_34	SRR8088696.2595377.1	44.898	49	27	0	51	99	5	151	2.23e-05	45.8
gene_34	SRR8088696.19264406.1	38.776	49	30	0	12	60	149	3	2.50e-05	45.4
gene_34	SRR8088696.1702122.1	44.898	49	26	1	26	74	144	1	2.50e-05	45.4
gene_34	SRR8088696.14538780.1	39.583	48	28	1	16	63	8	148	2.55e-05	45.4
gene_34	SRR8088696.3988827.1	45.652	46	25	0	32	77	8	145	2.61e-05	45.4
gene_34	SRR8088696.22875335.1	44.444	45	25	0	46	90	143	9	2.78e-05	45.4
gene_34	SRR8088696.634709.1	40.816	49	29	0	36	84	148	2	2.84e-05	45.4
gene_34	SRR8088696.15647993.1	55.882	34	15	0	76	109	150	49	2.90e-05	45.4
gene_34	SRR8088696.1314075.2	58.824	34	14	0	76	109	1	102	3.12e-05	45.4
gene_34	SRR8088696.4115919.1	44.186	43	24	0	5	47	20	148	3.12e-05	45.4
gene_34	SRR8088696.1846863.1	58.824	34	14	0	76	109	105	4	3.78e-05	44.7
gene_34	SRR8088696.13109953.1	42.553	47	26	1	14	60	6	143	3.82e-05	45.1
gene_34	SRR8088696.8480595.2	41.667	48	28	0	46	93	2	145	3.94e-05	45.1
gene_34	SRR8088696.12909919.1	39.216	51	30	1	19	69	150	1	4.11e-05	45.1
gene_34	SRR8088696.4833419.1	52.632	38	18	0	46	83	146	33	4.20e-05	45.1
gene_34	SRR8088696.7846774.1	41.304	46	27	0	46	91	140	3	4.66e-05	45.1
gene_34	SRR8088696.4995279.1	41.667	48	28	0	46	93	5	148	4.66e-05	45.1
gene_34	SRR8088696.9183322.2	57.143	35	15	0	57	91	19	123	4.71e-05	45.1
gene_34	SRR8088696.3805886.2	57.143	35	15	0	57	91	19	123	4.71e-05	45.1
gene_34	SRR8088696.20704003.1	52.632	38	18	0	1	38	37	150	4.92e-05	44.7
gene_34	SRR8088696.15256742.1	45.000	40	22	0	5	44	31	150	4.97e-05	44.7
gene_34	SRR8088696.10925886.2	45.238	42	23	0	2	43	11	136	5.02e-05	44.7
gene_34	SRR8088696.4995296.1	41.667	48	28	0	46	93	5	148	5.02e-05	44.7
gene_34	SRR8088696.2225818.2	51.282	39	18	1	1	38	120	4	5.08e-05	44.7
gene_34	SRR8088696.1846863.2	58.824	34	14	0	76	109	1	102	5.36e-05	44.3
gene_34	SRR8088696.21119568.1	47.727	44	23	0	49	92	132	1	5.41e-05	44.7
gene_34	SRR8088696.13520064.2	46.512	43	23	0	54	96	9	137	5.52e-05	44.7
gene_34	SRR8088696.14881942.2	44.000	50	27	1	6	55	4	150	5.64e-05	44.7
gene_34	SRR8088696.23603457.1	43.750	48	26	1	47	93	3	146	5.64e-05	44.7
gene_34	SRR8088696.8583394.2	48.649	37	19	0	4	40	41	151	5.95e-05	44.7
gene_34	SRR8088696.1583549.2	51.429	35	17	0	78	112	149	45	6.07e-05	44.7
gene_34	SRR8088696.14034432.2	67.857	28	9	0	5	32	89	6	6.40e-05	44.7
gene_34	SRR8088696.8480429.2	44.186	43	24	0	1	43	21	149	7.04e-05	44.3
gene_34	SRR8088696.12063968.1	46.939	49	25	1	27	75	148	5	7.12e-05	44.3
gene_34	SRR8088696.7550177.1	42.857	42	24	0	46	87	25	150	7.82e-05	44.3
gene_34	SRR8088696.3213761.1	44.898	49	27	0	52	100	5	151	8.16e-05	44.3
gene_34	SRR8088696.20093347.2	52.778	36	17	0	75	110	151	44	8.60e-05	44.3
gene_34	SRR8088696.17551733.2	43.750	48	26	1	46	92	146	3	9.26e-05	44.3
gene_34	SRR8088696.7912571.2	43.902	41	23	0	5	45	125	3	9.26e-05	44.3
gene_34	SRR8088696.11111849.1	45.652	46	25	0	53	98	12	149	9.26e-05	44.3
gene_35	SRR8088696.22675281.1	53.061	49	23	0	126	174	5	151	4.32e-11	62.4
gene_35	SRR8088696.4969472.2	52.083	48	23	0	133	180	148	5	1.15e-10	61.2
gene_35	SRR8088696.23040265.2	56.818	44	19	0	75	118	136	5	6.47e-08	53.9
gene_35	SRR8088696.21503454.2	51.064	47	23	0	60	106	143	3	7.71e-08	53.5
gene_35	SRR8088696.21382441.2	46.939	49	26	0	147	195	4	150	1.52e-07	52.8
gene_35	SRR8088696.5330390.1	44.681	47	26	0	141	187	2	142	6.47e-07	51.2
gene_35	SRR8088696.18338266.1	54.054	37	17	0	126	162	111	1	1.07e-06	50.4
gene_35	SRR8088696.19674347.1	48.889	45	23	0	112	156	135	1	9.10e-05	45.4
gene_35	SRR8088696.9691607.1	48.889	45	23	0	112	156	135	1	9.10e-05	45.4
gene_48	SRR8088696.8842573.2	54.167	48	22	0	69	116	5	148	8.91e-09	54.3
gene_53	SRR8088696.16180990.2	56.000	50	22	0	146	195	2	151	3.84e-12	65.1
gene_53	SRR8088696.1259840.1	56.250	48	21	0	145	192	146	3	5.23e-11	62.4
gene_53	SRR8088696.22761248.2	57.143	49	21	0	157	205	4	150	8.16e-10	58.9
gene_53	SRR8088696.393036.1	53.061	49	23	0	142	190	2	148	2.23e-09	57.8
gene_53	SRR8088696.15967527.2	54.167	48	22	0	157	204	4	147	1.13e-08	55.8
gene_53	SRR8088696.20817965.2	54.348	46	21	0	151	196	149	12	1.25e-07	53.1
gene_53	SRR8088696.21770374.1	54.762	42	19	0	157	198	140	15	2.05e-07	52.8
gene_53	SRR8088696.17581412.1	54.545	44	20	0	157	200	146	15	5.53e-06	48.5
gene_54	SRR8088696.9036942.2	65.306	49	17	0	51	99	3	149	3.22e-15	75.9
gene_54	SRR8088696.2893055.1	65.957	47	16	0	42	88	143	3	7.01e-14	72.0
gene_54	SRR8088696.1391699.1	64.000	50	18	0	43	92	1	150	2.24e-12	67.8
gene_54	SRR8088696.4699511.2	50.000	50	25	0	380	429	1	150	1.17e-10	63.2
gene_54	SRR8088696.23161887.2	54.348	46	21	0	375	420	7	144	2.99e-10	62.0
gene_54	SRR8088696.19341960.1	51.020	49	24	0	382	430	2	148	3.53e-10	61.6
gene_54	SRR8088696.3841565.2	54.167	48	22	0	366	413	6	149	7.01e-10	60.8
gene_54	SRR8088696.8760283.1	55.102	49	22	0	366	414	4	150	1.01e-09	60.5
gene_54	SRR8088696.15418234.1	46.939	49	26	0	375	423	3	149	1.42e-09	60.1
gene_54	SRR8088696.5916664.2	51.020	49	24	0	382	430	151	5	2.14e-09	59.3
gene_54	SRR8088696.17555168.2	52.083	48	23	0	372	419	145	2	2.38e-09	59.3
gene_54	SRR8088696.11958249.1	53.061	49	23	0	368	416	147	1	3.10e-09	58.9
gene_54	SRR8088696.18431438.1	46.667	45	24	0	373	417	136	2	4.58e-09	58.5
gene_54	SRR8088696.6616876.2	54.167	48	22	0	8	55	2	145	5.36e-09	58.2
gene_54	SRR8088696.16119315.1	52.083	48	23	0	355	402	5	148	5.52e-09	58.2
gene_54	SRR8088696.10114885.2	54.167	48	22	0	355	402	144	1	5.85e-09	58.2
gene_54	SRR8088696.12813590.1	55.102	49	22	0	359	407	148	2	6.52e-09	58.2
gene_54	SRR8088696.19864239.2	48.000	50	26	0	368	417	1	150	6.84e-09	58.2
gene_54	SRR8088696.6842784.2	51.064	47	23	0	381	427	148	8	6.98e-09	58.2
gene_54	SRR8088696.10201626.2	44.000	50	28	0	380	429	1	150	7.70e-09	57.8
gene_54	SRR8088696.19847770.2	50.000	50	25	0	359	408	150	1	8.08e-09	57.8
gene_54	SRR8088696.14783227.2	50.000	50	25	0	359	408	150	1	8.08e-09	57.8
gene_54	SRR8088696.20764717.1	52.500	40	19	0	378	417	2	121	8.66e-09	57.8
gene_54	SRR8088696.12405610.2	51.020	49	24	0	355	403	149	3	9.00e-09	57.8
gene_54	SRR8088696.19218472.1	46.667	45	24	0	373	417	17	151	9.27e-09	57.8
gene_54	SRR8088696.20095784.1	53.061	49	23	0	368	416	147	1	9.93e-09	57.4
gene_54	SRR8088696.14031228.1	46.667	45	24	0	373	417	15	149	1.05e-08	57.4
gene_54	SRR8088696.4047746.1	46.667	45	24	0	373	417	15	149	1.05e-08	57.4
gene_54	SRR8088696.7182831.2	48.000	50	26	0	384	433	1	150	1.11e-08	57.4
gene_54	SRR8088696.19190975.1	46.667	45	24	0	373	417	143	9	1.11e-08	57.4
gene_54	SRR8088696.22183732.1	48.980	49	25	0	372	420	149	3	1.14e-08	57.4
gene_54	SRR8088696.20764717.2	44.898	49	27	0	380	428	149	3	1.18e-08	57.4
gene_54	SRR8088696.5000721.2	44.898	49	27	0	380	428	149	3	1.18e-08	57.4
gene_54	SRR8088696.7007195.1	52.083	48	23	0	356	403	148	5	1.27e-08	57.4
gene_54	SRR8088696.5434924.2	50.000	46	23	0	375	420	8	145	1.28e-08	57.4
gene_54	SRR8088696.3811310.1	51.111	45	22	0	377	421	136	2	1.41e-08	57.0
gene_54	SRR8088696.9275931.1	53.061	49	23	0	366	414	4	150	1.45e-08	57.0
gene_54	SRR8088696.9993974.1	48.000	50	26	0	342	391	150	1	1.53e-08	57.0
gene_54	SRR8088696.18351607.1	50.000	46	23	0	375	420	151	14	1.60e-08	57.0
gene_54	SRR8088696.15656168.1	50.000	46	23	0	375	420	151	14	1.60e-08	57.0
gene_54	SRR8088696.8815321.2	52.174	46	22	0	385	430	2	139	1.68e-08	57.0
gene_54	SRR8088696.9045560.2	52.083	48	23	0	355	402	145	2	1.70e-08	57.0
gene_54	SRR8088696.3055299.1	55.102	49	22	0	5	53	150	4	1.72e-08	57.0
gene_54	SRR8088696.17983488.1	48.837	43	22	0	375	417	6	134	1.77e-08	57.0
gene_54	SRR8088696.12483183.1	48.837	43	22	0	375	417	3	131	1.77e-08	57.0
gene_54	SRR8088696.12249699.1	48.837	43	22	0	375	417	6	134	1.77e-08	57.0
gene_54	SRR8088696.18081555.1	52.083	48	23	0	48	95	146	3	1.93e-08	56.6
gene_54	SRR8088696.18081554.1	52.083	48	23	0	48	95	146	3	1.93e-08	56.6
gene_54	SRR8088696.8201521.1	52.174	46	22	0	372	417	5	142	2.11e-08	56.6
gene_54	SRR8088696.18778566.1	50.000	50	25	0	356	405	150	1	2.49e-08	56.6
gene_54	SRR8088696.21631803.2	52.083	48	23	0	366	413	6	149	3.00e-08	56.2
gene_54	SRR8088696.5916664.1	52.083	48	23	0	366	413	6	149	3.00e-08	56.2
gene_54	SRR8088696.20658473.2	46.000	50	27	0	343	392	150	1	3.09e-08	56.2
gene_54	SRR8088696.19592979.2	46.000	50	27	0	343	392	150	1	3.09e-08	56.2
gene_54	SRR8088696.14070734.2	46.000	50	27	0	343	392	150	1	3.09e-08	56.2
gene_54	SRR8088696.10038318.2	46.000	50	27	0	343	392	150	1	3.09e-08	56.2
gene_54	SRR8088696.23171524.2	54.167	48	22	0	356	403	1	144	3.12e-08	56.2
gene_54	SRR8088696.19064608.2	46.939	49	26	0	344	392	147	1	3.12e-08	56.2
gene_54	SRR8088696.6299444.1	46.000	50	27	0	343	392	150	1	3.21e-08	56.2
gene_54	SRR8088696.22101379.1	48.980	49	23	1	318	364	151	5	3.31e-08	56.2
gene_54	SRR8088696.19646061.1	48.980	49	23	1	318	364	151	5	3.31e-08	56.2
gene_54	SRR8088696.22843052.2	45.455	44	24	0	373	416	14	145	3.47e-08	55.8
gene_54	SRR8088696.9275931.2	53.333	45	21	0	386	430	149	15	3.47e-08	55.8
gene_54	SRR8088696.3918846.2	50.000	48	24	0	356	403	149	6	3.76e-08	55.8
gene_54	SRR8088696.9424849.1	50.000	48	24	0	356	403	3	146	3.76e-08	55.8
gene_54	SRR8088696.5343856.2	48.000	50	26	0	350	399	150	1	3.83e-08	55.8
gene_54	SRR8088696.21013052.2	48.000	50	24	1	312	359	2	151	4.06e-08	55.8
gene_54	SRR8088696.9652376.2	50.000	44	22	0	377	420	147	16	4.75e-08	55.5
gene_54	SRR8088696.5177382.2	44.898	49	27	0	344	392	149	3	4.97e-08	55.5
gene_54	SRR8088696.3128886.2	48.980	49	25	0	349	397	148	2	5.04e-08	55.5
gene_54	SRR8088696.17970297.1	52.000	50	24	0	359	408	150	1	5.09e-08	55.5
gene_54	SRR8088696.20068324.2	46.939	49	26	0	344	392	149	3	5.14e-08	55.5
gene_54	SRR8088696.9779608.2	46.939	49	26	0	344	392	149	3	5.14e-08	55.5
gene_54	SRR8088696.5478706.1	51.020	49	24	0	16	64	149	3	5.24e-08	55.5
gene_54	SRR8088696.10287357.1	51.064	47	23	0	357	403	149	9	5.72e-08	55.5
gene_54	SRR8088696.2571063.2	51.020	49	24	0	364	412	3	149	5.89e-08	55.5
gene_54	SRR8088696.215156.1	51.020	49	24	0	364	412	3	149	5.89e-08	55.5
gene_54	SRR8088696.9853309.1	45.833	48	26	0	383	430	1	144	6.01e-08	55.5
gene_54	SRR8088696.19094370.2	44.444	45	25	0	373	417	148	14	7.30e-08	55.1
gene_54	SRR8088696.14937421.1	48.980	49	25	0	379	427	150	4	7.60e-08	55.1
gene_54	SRR8088696.21197188.2	44.444	45	25	0	373	417	2	136	7.64e-08	55.1
gene_54	SRR8088696.14838035.1	44.898	49	27	0	344	392	149	3	8.46e-08	55.1
gene_54	SRR8088696.18554351.2	51.020	49	24	0	355	403	148	2	9.89e-08	54.7
gene_54	SRR8088696.3349934.1	52.500	40	19	0	373	412	122	3	1.07e-07	54.7
gene_54	SRR8088696.9487026.2	48.980	49	25	0	349	397	148	2	1.18e-07	54.7
gene_54	SRR8088696.5343856.1	44.000	50	28	0	342	391	2	151	1.18e-07	54.7
gene_54	SRR8088696.10733928.2	45.238	42	23	0	373	414	129	4	1.22e-07	54.3
gene_54	SRR8088696.22946618.2	44.898	49	27	0	344	392	151	5	1.25e-07	54.3
gene_54	SRR8088696.16543143.2	52.083	48	23	0	356	403	150	7	1.46e-07	54.3
gene_54	SRR8088696.22946618.1	46.939	49	24	1	313	359	2	148	1.46e-07	54.3
gene_54	SRR8088696.10226133.2	42.222	45	26	0	373	417	149	15	1.71e-07	53.9
gene_54	SRR8088696.14753666.2	46.000	50	27	0	359	408	150	1	1.78e-07	53.9
gene_54	SRR8088696.6347198.1	45.238	42	23	0	373	414	128	3	1.91e-07	53.9
gene_54	SRR8088696.14500570.2	46.939	49	24	1	311	357	148	2	2.04e-07	53.9
gene_54	SRR8088696.1317741.2	46.939	49	24	1	311	357	148	2	2.04e-07	53.9
gene_54	SRR8088696.5648052.1	46.939	49	24	1	311	357	148	2	2.04e-07	53.9
gene_54	SRR8088696.9530761.1	46.939	49	26	0	351	399	149	3	2.06e-07	53.9
gene_54	SRR8088696.10212808.2	50.000	46	23	0	324	369	10	147	2.08e-07	53.9
gene_54	SRR8088696.3587399.1	46.000	50	27	0	340	389	1	150	2.12e-07	53.9
gene_54	SRR8088696.13810232.1	48.980	49	23	1	306	352	3	149	2.32e-07	53.5
gene_54	SRR8088696.23112086.2	48.000	50	26	0	356	405	1	150	2.34e-07	53.5
gene_54	SRR8088696.22178217.2	48.980	49	25	0	351	399	149	3	2.51e-07	53.5
gene_54	SRR8088696.4328239.2	48.980	49	25	0	351	399	149	3	2.51e-07	53.5
gene_54	SRR8088696.13653481.1	46.000	50	27	0	348	397	1	150	2.63e-07	53.5
gene_54	SRR8088696.10287357.2	46.939	49	24	1	317	363	3	149	2.74e-07	53.5
gene_54	SRR8088696.5825566.1	44.000	50	28	0	343	392	150	1	2.79e-07	53.5
gene_54	SRR8088696.9779608.1	46.939	49	24	1	311	357	4	150	2.88e-07	53.5
gene_54	SRR8088696.14937426.1	46.939	49	26	0	379	427	150	4	2.90e-07	53.5
gene_54	SRR8088696.10327142.2	48.936	47	22	1	320	364	149	9	3.17e-07	53.1
gene_54	SRR8088696.14172702.2	44.898	49	27	0	343	391	149	3	3.30e-07	53.1
gene_54	SRR8088696.22769383.1	46.939	49	26	0	338	386	147	1	3.33e-07	53.1
gene_54	SRR8088696.15359795.1	46.939	49	26	0	338	386	147	1	3.33e-07	53.1
gene_54	SRR8088696.21662912.2	46.000	50	25	1	314	361	151	2	3.36e-07	53.1
gene_54	SRR8088696.17800199.2	46.939	49	26	0	349	397	148	2	3.36e-07	53.1
gene_54	SRR8088696.14541071.1	46.939	49	26	0	349	397	3	149	3.36e-07	53.1
gene_54	SRR8088696.496816.1	47.826	46	24	0	324	369	140	3	3.53e-07	53.1
gene_54	SRR8088696.16056957.1	47.826	46	24	0	327	372	148	11	3.57e-07	53.1
gene_54	SRR8088696.203657.1	47.826	46	24	0	327	372	148	11	3.57e-07	53.1
gene_54	SRR8088696.20773194.2	48.000	50	26	0	356	405	150	1	3.78e-07	53.1
gene_54	SRR8088696.20469245.1	51.064	47	23	0	323	369	8	148	4.25e-07	52.8
gene_54	SRR8088696.20929031.2	44.000	50	28	0	346	395	1	150	4.74e-07	52.8
gene_54	SRR8088696.9371895.2	46.809	47	23	1	320	364	148	8	4.74e-07	52.8
gene_54	SRR8088696.324439.2	50.000	50	25	0	342	391	150	1	4.74e-07	52.8
gene_54	SRR8088696.6616876.1	55.263	38	17	0	77	114	140	27	4.83e-07	52.8
gene_54	SRR8088696.10449296.1	47.917	48	25	0	355	402	146	3	5.02e-07	52.8
gene_54	SRR8088696.17508547.1	48.980	49	25	0	55	103	147	1	5.33e-07	52.8
gene_54	SRR8088696.15807727.1	42.857	49	24	1	369	413	148	2	5.54e-07	52.8
gene_54	SRR8088696.20068324.1	46.939	49	24	1	309	355	3	149	5.63e-07	52.8
gene_54	SRR8088696.5921732.2	43.902	41	23	0	373	413	124	2	5.88e-07	52.4
gene_54	SRR8088696.6613384.1	43.902	41	23	0	373	413	124	2	5.88e-07	52.4
gene_54	SRR8088696.18272967.1	46.000	50	27	0	362	411	2	151	6.05e-07	52.4
gene_54	SRR8088696.8138582.1	45.833	48	24	1	308	353	144	1	6.05e-07	52.4
gene_54	SRR8088696.18778566.2	46.939	49	24	1	306	352	2	148	6.29e-07	52.4
gene_54	SRR8088696.3259437.2	46.939	49	24	1	306	352	3	149	6.29e-07	52.4
gene_54	SRR8088696.22574867.1	47.917	48	25	0	345	392	5	148	6.87e-07	52.4
gene_54	SRR8088696.9236945.2	45.652	46	25	0	385	430	2	139	6.94e-07	52.4
gene_54	SRR8088696.17506319.1	45.652	46	25	0	385	430	2	139	6.94e-07	52.4
gene_54	SRR8088696.4650723.1	45.652	46	25	0	385	430	151	14	6.94e-07	52.4
gene_54	SRR8088696.4650715.1	45.652	46	25	0	385	430	151	14	6.94e-07	52.4
gene_54	SRR8088696.19327333.1	47.917	48	23	1	306	351	8	151	7.65e-07	52.4
gene_54	SRR8088696.16684975.1	47.917	48	23	1	306	351	8	151	7.65e-07	52.4
gene_54	SRR8088696.9371895.1	47.917	48	23	1	306	351	8	151	7.65e-07	52.4
gene_54	SRR8088696.15783207.2	45.833	48	24	1	308	353	149	6	7.81e-07	52.4
gene_54	SRR8088696.13264903.1	45.833	48	26	0	375	422	144	1	8.20e-07	52.0
gene_54	SRR8088696.14027135.2	47.917	48	25	0	321	368	145	2	8.28e-07	52.0
gene_54	SRR8088696.12405610.1	46.939	49	24	1	306	352	4	150	8.36e-07	52.0
gene_54	SRR8088696.15201221.2	44.898	49	27	0	341	389	148	2	8.75e-07	52.0
gene_54	SRR8088696.14142902.1	48.889	45	23	0	328	372	150	16	9.22e-07	52.0
gene_54	SRR8088696.16656801.2	44.898	49	27	0	339	387	2	148	9.49e-07	52.0
gene_54	SRR8088696.7472476.1	47.917	48	25	0	169	216	2	145	9.59e-07	52.0
gene_54	SRR8088696.11739877.1	47.917	48	25	0	345	392	5	148	9.68e-07	52.0
gene_54	SRR8088696.17443096.2	43.902	41	23	0	373	413	125	3	1.02e-06	52.0
gene_54	SRR8088696.16166867.2	44.898	49	27	0	339	387	3	149	1.03e-06	52.0
gene_54	SRR8088696.13527437.2	46.939	49	24	1	311	357	148	2	1.06e-06	52.0
gene_54	SRR8088696.11383912.1	51.020	49	24	0	362	410	149	3	1.06e-06	52.0
gene_54	SRR8088696.17800199.1	42.000	50	29	0	341	390	1	150	1.07e-06	52.0
gene_54	SRR8088696.4895926.1	42.000	50	29	0	341	390	1	150	1.07e-06	52.0
gene_54	SRR8088696.14079880.2	45.833	48	26	0	345	392	147	4	1.11e-06	51.6
gene_54	SRR8088696.2733104.2	45.833	48	26	0	345	392	147	4	1.11e-06	51.6
gene_54	SRR8088696.4649046.2	43.750	48	27	0	57	104	145	2	1.15e-06	51.6
gene_54	SRR8088696.15088870.2	46.809	47	25	0	381	427	1	141	1.18e-06	51.6
gene_54	SRR8088696.7332495.1	46.667	45	24	0	328	372	150	16	1.20e-06	51.6
gene_54	SRR8088696.9877169.2	48.780	41	21	0	377	417	149	27	1.23e-06	51.6
gene_54	SRR8088696.3887334.2	46.667	45	24	0	386	430	2	136	1.26e-06	51.6
gene_54	SRR8088696.18590230.2	50.000	44	22	0	356	399	132	1	1.26e-06	51.6
gene_54	SRR8088696.18590230.1	50.000	44	22	0	356	399	1	132	1.26e-06	51.6
gene_54	SRR8088696.2622272.1	46.000	50	27	0	337	386	150	1	1.38e-06	51.6
gene_54	SRR8088696.13035869.2	42.857	49	28	0	342	390	147	1	1.44e-06	51.6
gene_54	SRR8088696.215156.2	51.163	43	21	0	388	430	149	21	1.60e-06	51.2
gene_54	SRR8088696.1677857.2	46.667	45	24	0	328	372	148	14	1.63e-06	51.2
gene_54	SRR8088696.9045560.1	44.898	49	25	1	314	360	3	149	1.63e-06	51.2
gene_54	SRR8088696.13713769.2	42.857	49	28	0	338	386	4	150	1.76e-06	51.2
gene_54	SRR8088696.5218440.1	42.857	49	28	0	338	386	4	150	1.79e-06	51.2
gene_54	SRR8088696.57724.2	53.333	45	21	0	5	49	15	149	1.81e-06	51.2
gene_54	SRR8088696.18905088.2	47.826	46	24	0	327	372	143	6	1.87e-06	51.2
gene_54	SRR8088696.17508547.2	46.000	50	27	0	52	101	2	151	1.88e-06	51.2
gene_54	SRR8088696.5536791.1	48.936	47	24	0	50	96	145	5	1.88e-06	51.2
gene_54	SRR8088696.9822163.1	43.590	39	22	0	375	413	118	2	2.04e-06	50.8
gene_54	SRR8088696.18128877.1	54.167	48	22	0	57	104	147	4	2.14e-06	50.8
gene_54	SRR8088696.17329602.1	44.898	49	25	1	317	363	147	1	2.29e-06	50.8
gene_54	SRR8088696.16284951.1	42.000	50	29	0	58	107	2	151	2.36e-06	50.8
gene_54	SRR8088696.16368566.2	46.000	50	27	0	342	391	150	1	2.41e-06	50.8
gene_54	SRR8088696.7922115.2	46.000	50	27	0	346	395	1	150	2.41e-06	50.8
gene_54	SRR8088696.828648.2	44.898	49	25	1	314	360	3	149	2.50e-06	50.8
gene_54	SRR8088696.16791172.2	44.681	47	26	0	345	391	150	10	2.55e-06	50.8
gene_54	SRR8088696.10900033.2	48.889	45	23	0	328	372	150	16	2.55e-06	50.8
gene_54	SRR8088696.2074675.2	57.143	42	18	0	169	210	132	7	2.66e-06	50.8
gene_54	SRR8088696.20043160.2	50.000	44	22	0	5	48	137	6	2.67e-06	50.8
gene_54	SRR8088696.7516629.2	46.667	45	24	0	328	372	148	14	2.79e-06	50.4
gene_54	SRR8088696.22869502.2	48.936	47	24	0	36	82	143	3	2.87e-06	50.4
gene_54	SRR8088696.15470653.2	48.936	47	22	1	320	364	150	10	2.93e-06	50.4
gene_54	SRR8088696.19327333.2	44.898	49	27	0	334	382	149	3	2.99e-06	50.4
gene_54	SRR8088696.16684975.2	44.898	49	27	0	334	382	149	3	2.99e-06	50.4
gene_54	SRR8088696.5221722.1	42.500	40	23	0	373	412	30	149	3.05e-06	50.4
gene_54	SRR8088696.10211173.2	47.917	48	25	0	57	104	1	144	3.06e-06	50.4
gene_54	SRR8088696.10211167.2	47.917	48	25	0	57	104	1	144	3.06e-06	50.4
gene_54	SRR8088696.9991447.2	47.917	48	25	0	57	104	1	144	3.06e-06	50.4
gene_54	SRR8088696.9991423.2	47.917	48	25	0	57	104	1	144	3.06e-06	50.4
gene_54	SRR8088696.13897112.2	42.857	49	28	0	338	386	4	150	3.08e-06	50.4
gene_54	SRR8088696.8640850.2	46.000	50	27	0	342	391	150	1	3.08e-06	50.4
gene_54	SRR8088696.21109534.1	42.857	49	28	0	338	386	4	150	3.08e-06	50.4
gene_54	SRR8088696.8330342.1	42.857	49	28	0	338	386	147	1	3.08e-06	50.4
gene_54	SRR8088696.12003920.1	42.857	49	28	0	363	411	149	3	3.25e-06	50.4
gene_54	SRR8088696.11065898.1	46.809	47	25	0	323	369	6	146	3.33e-06	50.4
gene_54	SRR8088696.4673796.1	48.000	50	26	0	327	376	1	150	3.36e-06	50.4
gene_54	SRR8088696.22476749.1	48.936	47	24	0	323	369	8	148	3.39e-06	50.4
gene_54	SRR8088696.17597803.1	48.889	45	23	0	383	427	148	14	3.67e-06	50.4
gene_54	SRR8088696.21013052.1	50.000	44	22	0	329	372	150	19	3.85e-06	50.1
gene_54	SRR8088696.17133501.2	47.917	48	25	0	5	52	150	7	4.09e-06	50.1
gene_54	SRR8088696.5228871.2	47.917	48	25	0	5	52	150	7	4.09e-06	50.1
gene_54	SRR8088696.1232468.1	48.980	49	25	0	333	381	3	149	4.09e-06	50.1
gene_54	SRR8088696.13050178.2	47.619	42	22	0	5	46	126	1	4.21e-06	50.1
gene_54	SRR8088696.1646625.2	46.809	47	25	0	345	391	143	3	4.25e-06	50.1
gene_54	SRR8088696.18552610.2	42.857	42	24	0	368	409	25	150	4.42e-06	50.1
gene_54	SRR8088696.12813590.2	44.444	45	25	0	324	368	16	150	4.42e-06	50.1
gene_54	SRR8088696.13359966.1	46.809	47	23	1	306	350	142	2	4.49e-06	50.1
gene_54	SRR8088696.18890501.2	44.000	50	28	0	336	385	151	2	4.69e-06	50.1
gene_54	SRR8088696.15753176.2	42.553	47	27	0	323	369	149	9	4.87e-06	50.1
gene_54	SRR8088696.14704695.1	42.553	47	27	0	323	369	10	150	4.87e-06	50.1
gene_54	SRR8088696.4131755.1	42.857	49	28	0	369	417	149	3	4.97e-06	50.1
gene_54	SRR8088696.22886570.1	42.857	49	28	0	339	387	2	148	5.02e-06	50.1
gene_54	SRR8088696.19847770.1	42.857	49	28	0	339	387	2	148	5.02e-06	50.1
gene_54	SRR8088696.14783227.1	42.857	49	28	0	339	387	2	148	5.02e-06	50.1
gene_54	SRR8088696.14753666.1	42.857	49	28	0	339	387	2	148	5.02e-06	50.1
gene_54	SRR8088696.6519053.2	42.857	49	28	0	324	372	150	4	5.27e-06	49.7
gene_54	SRR8088696.17071430.1	48.980	49	25	0	332	380	147	1	5.43e-06	49.7
gene_54	SRR8088696.7319508.1	46.000	50	27	0	362	411	2	151	5.43e-06	49.7
gene_54	SRR8088696.13445266.1	46.809	47	25	0	323	369	7	147	5.59e-06	49.7
gene_54	SRR8088696.5090856.1	46.809	47	25	0	323	369	7	147	5.59e-06	49.7
gene_54	SRR8088696.12733852.2	46.809	47	25	0	323	369	10	150	5.65e-06	49.7
gene_54	SRR8088696.4733987.2	42.857	49	28	0	335	383	3	149	5.81e-06	49.7
gene_54	SRR8088696.10863422.2	40.000	50	30	0	372	421	150	1	5.87e-06	49.7
gene_54	SRR8088696.18089308.2	48.889	45	23	0	5	49	136	2	6.33e-06	49.7
gene_54	SRR8088696.9530761.2	44.898	49	27	0	335	383	3	149	6.35e-06	49.7
gene_54	SRR8088696.17717184.1	48.889	45	23	0	5	49	16	150	6.48e-06	49.7
gene_54	SRR8088696.14471726.1	48.889	45	23	0	5	49	9	143	6.84e-06	49.7
gene_54	SRR8088696.17133501.1	48.889	45	23	0	5	49	16	150	6.87e-06	49.7
gene_54	SRR8088696.17293842.2	45.652	46	25	0	324	369	141	4	7.00e-06	49.7
gene_54	SRR8088696.3134160.2	48.889	45	23	0	5	49	15	149	7.00e-06	49.7
gene_54	SRR8088696.2714586.1	50.000	46	23	0	335	380	139	2	7.04e-06	49.3
gene_54	SRR8088696.19696360.1	46.000	50	27	0	9	58	1	150	7.07e-06	49.7
gene_54	SRR8088696.2679446.2	50.000	48	24	0	333	380	148	5	7.14e-06	49.3
gene_54	SRR8088696.12524318.1	47.826	46	22	1	306	349	140	3	7.14e-06	49.3
gene_54	SRR8088696.10212808.1	45.833	48	26	0	332	379	145	2	7.21e-06	49.3
gene_54	SRR8088696.16322222.1	45.833	48	26	0	332	379	145	2	7.28e-06	49.3
gene_54	SRR8088696.18309082.2	51.064	47	23	0	329	375	2	142	7.36e-06	49.3
gene_54	SRR8088696.18429056.1	40.816	49	29	0	366	414	2	148	7.50e-06	49.3
gene_54	SRR8088696.3259437.1	42.000	50	29	0	336	385	151	2	7.73e-06	49.3
gene_54	SRR8088696.11770955.1	47.826	46	24	0	323	368	12	149	8.19e-06	49.3
gene_54	SRR8088696.8118742.2	50.000	42	21	0	323	364	18	143	8.77e-06	49.3
gene_54	SRR8088696.4698410.1	51.163	43	21	0	174	216	2	130	9.04e-06	49.3
gene_54	SRR8088696.9881740.2	41.667	48	28	0	347	394	146	3	9.09e-06	49.3
gene_54	SRR8088696.5218440.2	41.667	48	28	0	347	394	146	3	9.09e-06	49.3
gene_54	SRR8088696.8293462.1	41.667	48	28	0	347	394	146	3	9.09e-06	49.3
gene_54	SRR8088696.21958616.1	44.000	50	28	0	364	413	150	1	9.40e-06	49.3
gene_54	SRR8088696.13312735.2	40.816	49	29	0	344	392	149	3	9.64e-06	48.9
gene_54	SRR8088696.3687059.2	45.652	46	25	0	375	420	1	138	1.02e-05	48.9
gene_54	SRR8088696.15821880.1	46.000	50	26	1	4	52	150	1	1.04e-05	48.9
gene_54	SRR8088696.4128691.2	48.936	47	24	0	172	218	149	9	1.08e-05	48.9
gene_54	SRR8088696.19023600.1	48.936	47	24	0	172	218	149	9	1.08e-05	48.9
gene_54	SRR8088696.10955020.1	45.455	44	24	0	371	414	139	8	1.09e-05	48.9
gene_54	SRR8088696.9770653.1	42.000	50	29	0	341	390	150	1	1.15e-05	48.9
gene_54	SRR8088696.8118742.1	50.000	42	21	0	323	364	139	14	1.17e-05	48.9
gene_54	SRR8088696.17006222.1	64.706	34	12	0	82	115	151	50	1.19e-05	48.9
gene_54	SRR8088696.1223828.1	46.667	45	24	0	172	216	135	1	1.28e-05	48.9
gene_54	SRR8088696.17519205.2	47.500	40	21	0	378	417	2	121	1.32e-05	48.9
gene_54	SRR8088696.10258329.2	48.000	50	26	0	332	381	150	1	1.32e-05	48.9
gene_54	SRR8088696.7660841.2	47.917	48	25	0	366	413	6	149	1.32e-05	48.9
gene_54	SRR8088696.16662020.1	44.898	49	27	0	350	398	2	148	1.35e-05	48.5
gene_54	SRR8088696.13228451.2	40.816	49	29	0	338	386	4	150	1.38e-05	48.5
gene_54	SRR8088696.2405120.1	38.000	50	31	0	340	389	151	2	1.38e-05	48.5
gene_54	SRR8088696.5522633.1	48.889	45	23	0	383	427	1	135	1.42e-05	48.5
gene_54	SRR8088696.3971664.2	47.727	44	23	0	173	216	140	9	1.43e-05	48.5
gene_54	SRR8088696.6445588.2	47.826	46	24	0	347	392	150	13	1.48e-05	48.5
gene_54	SRR8088696.10938067.1	48.780	41	21	0	332	372	136	14	1.49e-05	48.5
gene_54	SRR8088696.11739877.2	44.898	49	27	0	346	394	149	3	1.56e-05	48.5
gene_54	SRR8088696.3373071.2	51.220	41	20	0	358	398	2	124	1.60e-05	48.1
gene_54	SRR8088696.3373071.1	51.220	41	20	0	358	398	123	1	1.60e-05	48.1
gene_54	SRR8088696.16167292.2	44.898	49	27	0	332	380	4	150	1.63e-05	48.5
gene_54	SRR8088696.13716173.2	51.163	43	21	0	177	219	10	138	1.64e-05	48.5
gene_54	SRR8088696.6902364.2	54.762	42	19	0	5	46	21	146	1.68e-05	48.5
gene_54	SRR8088696.8104215.1	53.846	39	18	0	5	43	33	149	1.70e-05	48.5
gene_54	SRR8088696.10179575.1	45.455	44	24	0	377	420	147	16	1.92e-05	48.1
gene_54	SRR8088696.4674471.1	46.939	49	26	0	175	223	148	2	1.97e-05	48.1
gene_54	SRR8088696.16167292.1	45.455	44	24	0	344	387	151	20	1.98e-05	48.1
gene_54	SRR8088696.10863422.1	42.000	50	29	0	346	395	1	150	2.00e-05	48.1
gene_54	SRR8088696.16116307.2	51.220	41	20	0	363	403	123	1	2.13e-05	47.8
gene_54	SRR8088696.16116307.1	51.220	41	20	0	363	403	2	124	2.13e-05	47.8
gene_54	SRR8088696.18835871.2	45.652	46	25	0	323	368	12	149	2.14e-05	48.1
gene_54	SRR8088696.13449200.1	45.652	46	25	0	226	271	144	7	2.14e-05	48.1
gene_54	SRR8088696.8005289.2	42.857	49	28	0	347	395	149	3	2.16e-05	48.1
gene_54	SRR8088696.20990018.2	46.667	45	24	0	324	368	136	2	2.25e-05	48.1
gene_54	SRR8088696.15885270.2	45.652	46	25	0	323	368	14	151	2.27e-05	48.1
gene_54	SRR8088696.11061771.1	44.681	47	26	0	323	369	10	150	2.32e-05	48.1
gene_54	SRR8088696.2748778.1	42.000	50	29	0	174	223	150	1	2.32e-05	48.1
gene_54	SRR8088696.20900951.2	46.809	47	25	0	62	108	2	142	2.38e-05	48.1
gene_54	SRR8088696.21545684.2	36.957	46	29	0	372	417	150	13	2.46e-05	48.1
gene_54	SRR8088696.20420965.2	45.833	48	26	0	342	389	149	6	2.47e-05	47.8
gene_54	SRR8088696.20978178.1	42.000	50	29	0	335	384	151	2	2.50e-05	47.8
gene_54	SRR8088696.20978171.1	42.000	50	29	0	335	384	151	2	2.50e-05	47.8
gene_54	SRR8088696.16828449.2	38.776	49	30	0	343	391	149	3	2.53e-05	47.8
gene_54	SRR8088696.18429056.2	39.130	46	28	0	372	417	150	13	2.58e-05	47.8
gene_54	SRR8088696.20990011.2	46.667	45	24	0	324	368	136	2	2.60e-05	47.8
gene_54	SRR8088696.19047982.1	44.898	49	25	1	313	359	3	149	2.71e-05	47.8
gene_54	SRR8088696.20868399.1	43.750	48	26	1	375	421	1	144	2.73e-05	47.8
gene_54	SRR8088696.2531000.2	46.000	50	27	0	335	384	150	1	2.79e-05	47.8
gene_54	SRR8088696.21519901.2	54.545	44	20	0	5	48	134	3	2.82e-05	47.8
gene_54	SRR8088696.2622272.2	45.833	48	25	1	304	350	6	149	2.82e-05	47.8
gene_54	SRR8088696.5483970.2	50.000	40	20	0	391	430	140	21	2.84e-05	47.8
gene_54	SRR8088696.16191635.1	42.222	45	26	0	328	372	148	14	2.85e-05	47.8
gene_54	SRR8088696.5196749.1	47.826	46	24	0	327	372	146	9	2.87e-05	47.8
gene_54	SRR8088696.15167254.1	50.000	40	20	0	75	114	122	3	2.99e-05	47.8
gene_54	SRR8088696.16368552.2	44.000	50	28	0	342	391	150	1	3.05e-05	47.8
gene_54	SRR8088696.3320030.1	44.681	47	26	0	323	369	7	147	3.08e-05	47.8
gene_54	SRR8088696.12327353.1	40.816	49	29	0	338	386	147	1	3.11e-05	47.8
gene_54	SRR8088696.21421169.2	39.583	48	29	0	345	392	146	3	3.17e-05	47.8
gene_54	SRR8088696.13019662.2	42.000	50	28	1	309	357	151	2	3.17e-05	47.8
gene_54	SRR8088696.17970297.2	42.857	49	28	0	335	383	3	149	3.20e-05	47.8
gene_54	SRR8088696.14675222.2	39.583	48	29	0	340	387	146	3	3.22e-05	47.8
gene_54	SRR8088696.12413151.2	46.667	45	24	0	175	219	145	11	3.53e-05	47.4
gene_54	SRR8088696.19275644.2	44.681	47	26	0	323	369	144	4	3.78e-05	47.4
gene_54	SRR8088696.16002817.2	44.681	47	26	0	323	369	144	4	3.78e-05	47.4
gene_54	SRR8088696.2170781.1	42.857	49	28	0	332	380	148	2	3.78e-05	47.4
gene_54	SRR8088696.2148624.2	42.857	49	28	0	349	397	148	2	3.82e-05	47.4
gene_54	SRR8088696.15056173.1	46.939	49	25	1	305	352	3	149	4.21e-05	47.4
gene_54	SRR8088696.12430183.2	40.426	47	28	0	381	427	2	142	4.24e-05	47.4
gene_54	SRR8088696.12631972.1	40.816	49	29	0	338	386	147	1	4.42e-05	47.4
gene_54	SRR8088696.5483970.1	50.000	40	20	0	391	430	2	121	4.50e-05	47.0
gene_54	SRR8088696.13744396.2	46.939	49	26	0	332	380	148	2	4.51e-05	47.4
gene_54	SRR8088696.9401879.1	47.727	44	23	0	384	427	150	19	4.51e-05	47.4
gene_54	SRR8088696.17000877.2	42.857	49	28	0	359	407	148	2	4.56e-05	47.4
gene_54	SRR8088696.22727098.2	47.826	46	24	0	172	217	139	2	4.58e-05	47.0
gene_54	SRR8088696.19100990.2	47.826	46	24	0	172	217	139	2	4.58e-05	47.0
gene_54	SRR8088696.15937033.2	44.186	43	24	0	372	414	3	131	4.74e-05	47.0
gene_54	SRR8088696.6719063.2	39.216	51	30	1	341	391	1	150	4.74e-05	47.0
gene_54	SRR8088696.1038115.2	44.000	50	28	0	334	383	150	1	4.74e-05	47.0
gene_54	SRR8088696.21958616.2	44.681	47	26	0	355	401	11	151	4.78e-05	47.0
gene_54	SRR8088696.20583195.1	42.373	59	25	1	58	116	151	2	4.78e-05	47.0
gene_54	SRR8088696.15658741.2	44.000	50	28	0	8	57	2	151	4.98e-05	47.0
gene_54	SRR8088696.6053647.1	44.000	50	28	0	8	57	2	151	4.98e-05	47.0
gene_54	SRR8088696.4187599.1	44.186	43	24	0	388	430	2	130	4.98e-05	47.0
gene_54	SRR8088696.15783207.1	47.727	44	21	1	306	347	18	149	5.23e-05	47.0
gene_54	SRR8088696.18183211.1	42.553	47	27	0	368	414	146	6	5.28e-05	47.0
gene_54	SRR8088696.10086161.1	42.553	47	27	0	368	414	146	6	5.28e-05	47.0
gene_54	SRR8088696.22778912.1	51.111	45	22	0	175	219	144	10	5.54e-05	47.0
gene_54	SRR8088696.20319614.2	40.816	49	29	0	344	392	149	3	5.60e-05	47.0
gene_54	SRR8088696.22817491.1	40.000	50	30	0	226	275	150	1	5.60e-05	47.0
gene_54	SRR8088696.17828670.2	42.000	50	29	0	14	63	1	150	5.88e-05	47.0
gene_54	SRR8088696.14513734.2	46.512	43	23	0	5	47	21	149	5.88e-05	47.0
gene_54	SRR8088696.8073648.1	42.000	50	29	0	14	63	1	150	5.88e-05	47.0
gene_54	SRR8088696.22717164.2	50.000	44	22	0	5	48	137	6	6.05e-05	47.0
gene_54	SRR8088696.14552605.2	37.500	48	30	0	342	389	149	6	6.05e-05	47.0
gene_54	SRR8088696.7804225.1	41.667	48	28	0	66	113	144	1	6.05e-05	47.0
gene_54	SRR8088696.6958401.2	43.750	48	27	0	380	427	150	7	6.17e-05	47.0
gene_54	SRR8088696.22602148.2	46.512	43	23	0	5	47	130	2	6.23e-05	47.0
gene_54	SRR8088696.15418234.2	43.902	41	23	0	390	430	148	26	6.23e-05	47.0
gene_54	SRR8088696.11343335.1	47.619	42	20	1	309	348	127	2	6.30e-05	47.0
gene_54	SRR8088696.22863201.1	46.809	47	25	0	177	223	6	146	6.61e-05	46.6
gene_54	SRR8088696.21702688.2	37.500	48	30	0	340	387	146	3	6.85e-05	46.6
gene_54	SRR8088696.14201212.2	47.619	42	22	0	323	364	20	145	6.88e-05	46.6
gene_54	SRR8088696.13833348.1	47.619	42	22	0	323	364	20	145	6.88e-05	46.6
gene_54	SRR8088696.18358455.2	48.889	45	23	0	5	49	16	150	7.29e-05	46.6
gene_54	SRR8088696.14079880.1	50.000	44	22	0	329	372	2	133	7.29e-05	46.6
gene_54	SRR8088696.19362006.2	42.857	49	28	0	359	407	148	2	7.37e-05	46.6
gene_54	SRR8088696.6519053.1	40.909	44	26	0	323	366	17	148	7.37e-05	46.6
gene_54	SRR8088696.13184679.1	52.273	44	21	0	81	124	2	133	7.44e-05	46.6
gene_54	SRR8088696.18503936.1	40.000	45	27	0	323	367	15	149	7.74e-05	46.6
gene_54	SRR8088696.14278842.1	40.000	45	27	0	323	367	15	149	7.74e-05	46.6
gene_54	SRR8088696.3491605.2	44.898	49	27	0	9	57	149	3	7.81e-05	46.6
gene_54	SRR8088696.2223592.2	47.619	42	22	0	323	364	6	131	7.88e-05	46.6
gene_54	SRR8088696.2223592.1	47.619	42	22	0	323	364	136	11	7.88e-05	46.6
gene_54	SRR8088696.5420884.2	46.939	49	26	0	335	383	151	5	8.13e-05	46.6
gene_54	SRR8088696.10955020.2	47.619	42	22	0	323	364	14	139	8.53e-05	46.6
gene_54	SRR8088696.15712699.1	47.619	42	22	0	323	364	26	151	8.53e-05	46.6
gene_54	SRR8088696.14599120.2	46.000	50	27	0	9	58	1	150	8.79e-05	46.2
gene_54	SRR8088696.12704746.2	44.681	47	26	0	323	369	10	150	8.88e-05	46.2
gene_54	SRR8088696.21176546.1	44.681	47	26	0	42	88	7	147	8.96e-05	46.2
gene_54	SRR8088696.9444919.2	53.846	39	18	0	181	219	147	31	9.14e-05	46.2
gene_54	SRR8088696.19047982.2	44.444	45	25	0	328	372	148	14	9.32e-05	46.2
gene_54	SRR8088696.19619649.1	44.444	45	25	0	5	49	11	145	9.69e-05	46.2
gene_54	SRR8088696.16958965.1	51.220	41	20	0	177	217	3	125	9.79e-05	46.2
gene_54	SRR8088696.6148543.1	51.220	41	20	0	177	217	3	125	9.79e-05	46.2
gene_54	SRR8088696.12925864.1	48.780	41	21	0	390	430	1	123	9.89e-05	46.2
gene_58	SRR8088696.9623618.1	83.871	31	5	0	209	239	8	100	1.10e-08	56.2
gene_58	SRR8088696.20064961.1	61.538	39	15	0	194	232	120	4	1.48e-07	53.1
gene_59	SRR8088696.17207254.2	95.918	49	2	0	47	95	147	1	3.26e-26	107
gene_59	SRR8088696.335912.1	93.878	49	3	0	41	89	149	3	1.16e-25	105
gene_59	SRR8088696.14943878.2	93.878	49	3	0	52	100	3	149	9.00e-25	103
gene_59	SRR8088696.6997982.2	89.796	49	5	0	21	69	4	150	3.18e-24	102
gene_59	SRR8088696.9008926.2	97.917	48	1	0	62	109	1	144	3.58e-24	102
gene_59	SRR8088696.12480899.2	87.755	49	6	0	21	69	149	3	4.84e-23	98.6
gene_59	SRR8088696.14045042.2	89.583	48	5	0	530	577	4	147	6.91e-23	98.2
gene_59	SRR8088696.21122720.1	78.000	50	11	0	10	59	150	1	8.08e-23	98.2
gene_59	SRR8088696.17159651.1	78.000	50	11	0	10	59	150	1	8.08e-23	98.2
gene_59	SRR8088696.12635149.2	89.362	47	5	0	529	575	10	150	2.79e-22	96.7
gene_59	SRR8088696.21917098.1	89.362	47	5	0	530	576	9	149	4.25e-22	95.9
gene_59	SRR8088696.15162105.1	89.362	47	5	0	530	576	142	2	4.25e-22	95.9
gene_59	SRR8088696.17941447.2	85.417	48	7	0	30	77	149	6	1.15e-21	94.7
gene_59	SRR8088696.7117839.1	91.304	46	4	0	532	577	1	138	1.16e-21	94.7
gene_59	SRR8088696.5811191.1	91.304	46	4	0	532	577	2	139	1.16e-21	94.7
gene_59	SRR8088696.13546365.1	91.304	46	4	0	532	577	3	140	1.24e-21	94.7
gene_59	SRR8088696.11292712.1	89.130	46	5	0	532	577	2	139	4.09e-21	93.2
gene_59	SRR8088696.19311596.2	90.909	44	4	0	534	577	1	132	4.68e-20	90.1
gene_59	SRR8088696.765588.2	90.909	44	4	0	534	577	1	132	4.68e-20	90.1
gene_59	SRR8088696.1380404.2	90.909	44	4	0	534	577	3	134	4.72e-20	90.1
gene_59	SRR8088696.13986090.1	90.909	44	4	0	534	577	1	132	4.77e-20	90.1
gene_59	SRR8088696.13931813.1	90.909	44	4	0	534	577	2	133	4.77e-20	90.1
gene_59	SRR8088696.5228252.1	90.909	44	4	0	534	577	1	132	4.77e-20	90.1
gene_59	SRR8088696.2644668.2	88.636	44	5	0	534	577	3	134	6.02e-20	89.7
gene_59	SRR8088696.12354427.1	75.000	48	12	0	46	93	7	150	7.99e-20	89.4
gene_59	SRR8088696.2984282.1	75.000	48	12	0	46	93	7	150	7.99e-20	89.4
gene_59	SRR8088696.909391.1	90.698	43	4	0	535	577	150	22	1.33e-19	89.0
gene_59	SRR8088696.15561570.2	88.636	44	5	0	529	572	18	149	2.57e-19	88.2
gene_59	SRR8088696.3601797.2	88.636	44	5	0	529	572	18	149	2.57e-19	88.2
gene_59	SRR8088696.3800759.1	55.422	83	4	1	481	563	1	150	2.86e-19	87.8
gene_59	SRR8088696.19896661.1	81.633	49	9	0	41	89	149	3	3.16e-19	87.8
gene_59	SRR8088696.14079076.1	90.698	43	4	0	529	571	129	1	4.15e-19	87.4
gene_59	SRR8088696.11292690.1	84.783	46	7	0	532	577	2	139	8.05e-19	86.7
gene_59	SRR8088696.8313317.1	72.000	50	14	0	57	106	151	2	9.23e-19	86.7
gene_59	SRR8088696.12087515.2	78.723	47	10	0	55	101	3	143	1.25e-18	86.3
gene_59	SRR8088696.1973001.2	72.000	50	14	0	55	104	1	150	1.72e-18	85.9
gene_59	SRR8088696.21720492.2	88.372	43	5	0	529	571	129	1	2.15e-18	85.5
gene_59	SRR8088696.12306972.2	69.388	49	15	0	11	59	3	149	4.06e-18	84.7
gene_59	SRR8088696.19311596.1	90.244	41	4	0	537	577	150	28	4.39e-18	84.7
gene_59	SRR8088696.18647809.2	72.917	48	13	0	57	104	148	5	4.70e-18	84.3
gene_59	SRR8088696.1032940.1	73.469	49	13	0	26	74	149	3	5.38e-18	84.3
gene_59	SRR8088696.2740502.1	84.091	44	7	0	534	577	149	18	7.21e-18	84.0
gene_59	SRR8088696.12145442.1	88.095	42	5	0	529	570	26	151	8.93e-18	83.6
gene_59	SRR8088696.5782631.2	88.372	43	5	0	529	571	129	1	9.29e-18	83.6
gene_59	SRR8088696.8023066.2	82.609	46	8	0	526	571	138	1	1.02e-17	83.6
gene_59	SRR8088696.23329266.1	92.308	39	3	0	539	577	2	118	1.29e-17	83.2
gene_59	SRR8088696.20470191.2	92.308	39	3	0	539	577	6	122	1.39e-17	83.2
gene_59	SRR8088696.14168275.2	88.095	42	5	0	530	571	126	1	1.53e-17	83.2
gene_59	SRR8088696.821521.1	88.095	42	5	0	530	571	127	2	1.53e-17	83.2
gene_59	SRR8088696.12306972.1	77.083	48	11	0	68	115	150	7	1.95e-17	82.8
gene_59	SRR8088696.12087515.1	68.000	50	16	0	60	109	150	1	3.40e-17	82.0
gene_59	SRR8088696.20554280.1	92.105	38	3	0	540	577	1	114	4.82e-17	81.6
gene_59	SRR8088696.2777257.2	87.805	41	5	0	529	569	29	151	5.37e-17	81.6
gene_59	SRR8088696.3943647.1	92.105	38	3	0	540	577	1	114	5.75e-17	81.3
gene_59	SRR8088696.13684966.2	87.805	41	5	0	530	570	28	150	7.48e-17	81.3
gene_59	SRR8088696.12638394.2	87.805	41	5	0	530	570	28	150	7.48e-17	81.3
gene_59	SRR8088696.16947406.2	71.154	52	12	1	42	93	4	150	8.24e-17	80.9
gene_59	SRR8088696.21973854.1	91.892	37	3	0	541	577	3	113	4.16e-16	79.0
gene_59	SRR8088696.5046905.1	89.474	38	4	0	529	566	37	150	4.58e-16	79.0
gene_59	SRR8088696.20527139.1	67.347	49	16	0	56	104	149	3	4.95e-16	78.6
gene_59	SRR8088696.8582642.1	69.388	49	13	1	22	68	149	3	4.95e-16	78.6
gene_59	SRR8088696.18776704.1	91.892	37	3	0	541	577	150	40	6.44e-16	78.6
gene_59	SRR8088696.21973867.1	91.892	37	3	0	541	577	3	113	6.51e-16	78.6
gene_59	SRR8088696.12331686.2	91.892	37	3	0	541	577	1	111	6.57e-16	78.6
gene_59	SRR8088696.23631411.2	73.469	49	13	0	520	568	5	151	8.89e-16	78.2
gene_59	SRR8088696.545452.2	67.391	46	15	0	3	48	139	2	1.12e-15	77.8
gene_59	SRR8088696.13603137.2	83.333	48	6	1	73	120	2	139	1.38e-15	77.4
gene_59	SRR8088696.3800759.2	94.595	37	2	0	541	577	151	41	1.60e-15	77.4
gene_59	SRR8088696.10185046.2	66.667	48	16	0	57	104	148	5	2.00e-15	77.0
gene_59	SRR8088696.9816342.1	89.189	37	4	0	530	566	41	151	2.40e-15	76.6
gene_59	SRR8088696.22801602.2	72.917	48	11	1	35	80	146	3	4.85e-15	75.9
gene_59	SRR8088696.4631570.2	52.439	82	6	1	484	565	3	149	5.34e-15	75.9
gene_59	SRR8088696.23113610.2	67.391	46	15	0	531	576	2	139	8.70e-15	75.1
gene_59	SRR8088696.14355699.2	88.889	36	4	0	530	565	108	1	1.06e-14	75.1
gene_59	SRR8088696.16317783.2	73.913	46	12	0	520	565	139	2	1.12e-14	74.7
gene_59	SRR8088696.7513321.2	70.000	50	15	0	36	85	151	2	2.54e-14	73.9
gene_59	SRR8088696.782910.2	62.791	43	16	0	4	46	131	3	3.65e-14	73.6
gene_59	SRR8088696.23364960.1	73.333	45	12	0	520	564	136	2	3.68e-14	73.6
gene_59	SRR8088696.21312230.1	73.333	45	12	0	520	564	136	2	3.83e-14	73.6
gene_59	SRR8088696.7220105.2	64.286	42	15	0	6	47	25	150	4.94e-14	73.2
gene_59	SRR8088696.3675004.1	80.488	41	8	0	537	577	149	27	5.08e-14	73.2
gene_59	SRR8088696.3674996.1	80.488	41	8	0	537	577	149	27	5.08e-14	73.2
gene_59	SRR8088696.3601797.1	91.429	35	3	0	543	577	149	45	5.13e-14	73.2
gene_59	SRR8088696.21511514.1	82.500	40	7	0	532	571	1	120	5.44e-14	72.8
gene_59	SRR8088696.19158326.1	91.429	35	3	0	543	577	149	45	5.71e-14	72.8
gene_59	SRR8088696.16713147.2	80.000	40	8	0	529	568	27	146	5.94e-14	72.8
gene_59	SRR8088696.17831109.1	65.306	49	15	1	9	55	148	2	6.68e-14	72.8
gene_59	SRR8088696.4631583.2	89.189	37	4	0	529	565	39	149	7.15e-14	72.8
gene_59	SRR8088696.5102504.2	68.085	47	15	0	529	575	143	3	9.77e-14	72.4
gene_59	SRR8088696.1073546.1	70.833	48	14	0	68	115	3	146	1.04e-13	72.0
gene_59	SRR8088696.13093131.1	88.235	34	4	0	529	562	49	150	1.16e-13	72.0
gene_59	SRR8088696.3095270.1	88.235	34	4	0	529	562	102	1	1.16e-13	72.0
gene_59	SRR8088696.4842739.2	72.727	44	12	0	520	563	134	3	1.25e-13	72.0
gene_59	SRR8088696.5753710.1	64.583	48	15	1	5	50	4	147	1.36e-13	71.6
gene_59	SRR8088696.5163123.2	67.347	49	16	0	44	92	148	2	1.59e-13	71.6
gene_59	SRR8088696.12273175.1	63.265	49	16	1	10	56	150	4	1.88e-13	71.2
gene_59	SRR8088696.14092307.2	71.739	46	13	0	531	576	139	2	2.03e-13	71.2
gene_59	SRR8088696.14689663.2	72.727	44	12	0	520	563	134	3	2.36e-13	71.2
gene_59	SRR8088696.19343092.1	82.051	39	7	0	79	117	3	119	2.40e-13	71.2
gene_59	SRR8088696.14719122.1	64.583	48	15	1	5	50	7	150	2.80e-13	70.9
gene_59	SRR8088696.20812845.1	62.000	50	19	0	513	562	150	1	3.18e-13	70.9
gene_59	SRR8088696.11449362.1	62.000	50	19	0	513	562	150	1	3.18e-13	70.9
gene_59	SRR8088696.4035204.1	62.000	50	19	0	513	562	150	1	3.18e-13	70.9
gene_59	SRR8088696.1233714.1	62.000	50	19	0	513	562	150	1	3.18e-13	70.9
gene_59	SRR8088696.17160170.2	66.038	53	10	2	27	74	150	1	3.31e-13	70.9
gene_59	SRR8088696.17689606.2	85.294	34	5	0	529	562	102	1	3.41e-13	70.9
gene_59	SRR8088696.23389843.1	64.583	48	15	1	20	65	2	145	7.15e-13	69.7
gene_59	SRR8088696.20715004.1	70.000	40	12	0	2	41	150	31	8.04e-13	69.7
gene_59	SRR8088696.8753217.2	70.455	44	13	0	534	577	1	132	8.82e-13	69.3
gene_59	SRR8088696.14444977.1	88.235	34	4	0	544	577	2	103	9.58e-13	69.3
gene_59	SRR8088696.15430052.1	75.000	44	11	0	529	572	8	139	1.47e-12	68.9
gene_59	SRR8088696.3524020.2	67.925	53	12	1	519	571	5	148	1.62e-12	68.9
gene_59	SRR8088696.23618312.1	91.837	49	4	0	244	292	148	2	1.93e-12	68.6
gene_59	SRR8088696.4941767.2	60.000	50	20	0	511	560	150	1	2.24e-12	68.2
gene_59	SRR8088696.7007460.2	82.051	39	7	0	122	160	33	149	3.25e-12	67.8
gene_59	SRR8088696.1735908.1	71.429	42	12	0	536	577	151	26	3.44e-12	67.8
gene_59	SRR8088696.11916533.2	62.000	50	19	0	39	88	2	151	4.61e-12	67.4
gene_59	SRR8088696.15266042.1	62.000	50	19	0	39	88	2	151	4.61e-12	67.4
gene_59	SRR8088696.14496229.2	90.909	33	3	0	545	577	1	99	5.13e-12	67.4
gene_59	SRR8088696.9131696.2	90.909	33	3	0	545	577	1	99	5.13e-12	67.4
gene_59	SRR8088696.14045042.1	90.909	33	3	0	545	577	150	52	5.13e-12	67.4
gene_59	SRR8088696.5883358.2	63.265	49	16	1	25	71	148	2	5.24e-12	67.4
gene_59	SRR8088696.4751328.1	62.000	50	19	0	37	86	1	150	5.24e-12	67.4
gene_59	SRR8088696.21486820.1	61.702	47	18	0	511	557	7	147	6.85e-12	67.0
gene_59	SRR8088696.15559353.1	60.417	48	19	0	511	558	1	144	7.26e-12	67.0
gene_59	SRR8088696.2400466.1	60.417	48	19	0	511	558	149	6	7.44e-12	67.0
gene_59	SRR8088696.19159679.1	61.702	47	18	0	48	94	6	146	2.09e-11	65.5
gene_59	SRR8088696.5693594.1	71.429	42	12	0	536	577	2	127	2.45e-11	65.5
gene_59	SRR8088696.20385293.1	85.714	35	5	0	543	577	149	45	3.01e-11	65.1
gene_59	SRR8088696.9447466.1	70.000	40	12	0	331	370	147	28	3.73e-11	64.7
gene_59	SRR8088696.19302769.1	90.625	32	3	0	546	577	2	97	4.44e-11	64.7
gene_59	SRR8088696.5814379.1	63.830	47	17	0	44	90	144	4	4.85e-11	64.7
gene_59	SRR8088696.12150332.1	60.000	50	20	0	38	87	150	1	5.09e-11	64.3
gene_59	SRR8088696.12120043.1	60.000	50	20	0	38	87	150	1	5.09e-11	64.3
gene_59	SRR8088696.8052538.2	62.500	48	18	0	44	91	144	1	6.38e-11	64.3
gene_59	SRR8088696.15391414.1	62.500	48	18	0	44	91	144	1	6.38e-11	64.3
gene_59	SRR8088696.6270831.1	62.500	48	18	0	44	91	144	1	6.38e-11	64.3
gene_59	SRR8088696.11780696.2	81.250	32	6	0	527	558	54	149	6.50e-11	64.3
gene_59	SRR8088696.8358050.2	63.830	47	17	0	44	90	142	2	6.56e-11	64.3
gene_59	SRR8088696.2628580.2	63.830	47	17	0	44	90	142	2	6.56e-11	64.3
gene_59	SRR8088696.2460987.2	94.118	34	2	0	272	305	104	3	6.70e-11	63.9
gene_59	SRR8088696.2460987.1	94.118	34	2	0	272	305	2	103	6.70e-11	63.9
gene_59	SRR8088696.17585501.1	70.000	40	12	0	331	370	31	150	7.10e-11	63.9
gene_59	SRR8088696.11122209.1	69.231	39	12	0	539	577	1	117	7.24e-11	63.9
gene_59	SRR8088696.1599769.1	69.231	39	12	0	539	577	1	117	7.24e-11	63.9
gene_59	SRR8088696.4553909.2	63.830	47	17	0	44	90	142	2	7.31e-11	63.9
gene_59	SRR8088696.18273784.2	61.702	47	18	0	48	94	11	151	7.45e-11	63.9
gene_59	SRR8088696.19159679.2	60.417	48	19	0	50	97	149	6	8.06e-11	63.9
gene_59	SRR8088696.13920207.1	70.000	40	12	0	331	370	29	148	8.30e-11	63.9
gene_59	SRR8088696.2440654.1	64.444	45	16	0	44	88	140	6	8.30e-11	63.9
gene_59	SRR8088696.20359993.1	70.000	40	12	0	331	370	26	145	8.55e-11	63.9
gene_59	SRR8088696.10589957.1	70.000	40	12	0	331	370	26	145	8.55e-11	63.9
gene_59	SRR8088696.5105063.1	70.000	40	12	0	331	370	26	145	8.55e-11	63.9
gene_59	SRR8088696.23565821.2	93.103	29	2	0	528	556	88	2	8.71e-11	63.9
gene_59	SRR8088696.16874981.1	45.679	81	11	1	476	556	6	149	9.15e-11	63.9
gene_59	SRR8088696.22843037.2	60.000	50	20	0	39	88	1	150	1.04e-10	63.5
gene_59	SRR8088696.22365588.1	45.679	81	11	1	476	556	6	149	1.05e-10	63.5
gene_59	SRR8088696.909391.2	59.574	47	19	0	511	557	7	147	1.08e-10	63.5
gene_59	SRR8088696.13597087.1	59.574	47	19	0	511	557	7	147	1.08e-10	63.5
gene_59	SRR8088696.7332061.2	90.323	31	3	0	547	577	2	94	1.57e-10	63.2
gene_59	SRR8088696.14719122.2	65.116	43	15	0	48	90	133	5	1.60e-10	63.2
gene_59	SRR8088696.14072607.2	65.116	43	15	0	48	90	132	4	1.60e-10	63.2
gene_59	SRR8088696.15007351.2	90.323	31	3	0	547	577	2	94	1.71e-10	63.2
gene_59	SRR8088696.7832233.2	44.578	83	13	1	481	563	1	150	1.71e-10	63.2
gene_59	SRR8088696.1986577.1	90.323	31	3	0	547	577	151	59	1.71e-10	63.2
gene_59	SRR8088696.15633605.2	69.231	39	12	0	3	41	117	1	1.98e-10	62.8
gene_59	SRR8088696.18507927.1	70.000	40	12	0	331	370	1	120	2.12e-10	62.8
gene_59	SRR8088696.1839876.2	58.000	50	21	0	22	71	2	151	2.53e-10	62.4
gene_59	SRR8088696.7337174.1	68.293	41	13	0	35	75	29	151	2.81e-10	62.4
gene_59	SRR8088696.3055063.1	68.293	41	13	0	35	75	123	1	2.81e-10	62.4
gene_59	SRR8088696.942292.1	68.293	41	13	0	35	75	29	151	2.81e-10	62.4
gene_59	SRR8088696.8313317.2	55.102	49	20	1	5	51	4	150	3.29e-10	62.4
gene_59	SRR8088696.18647809.1	55.102	49	20	1	5	51	4	150	3.29e-10	62.4
gene_59	SRR8088696.10185046.1	55.102	49	20	1	5	51	4	150	3.29e-10	62.4
gene_59	SRR8088696.2777257.1	93.333	30	2	0	548	577	151	62	3.59e-10	62.0
gene_59	SRR8088696.14079076.2	68.293	41	13	0	35	75	29	151	3.63e-10	62.0
gene_59	SRR8088696.12246703.2	68.293	41	13	0	35	75	123	1	3.63e-10	62.0
gene_59	SRR8088696.976690.2	68.293	41	13	0	35	75	124	2	3.63e-10	62.0
gene_59	SRR8088696.23618312.2	88.000	50	6	0	161	210	2	151	4.16e-10	62.0
gene_59	SRR8088696.4631583.1	87.500	32	4	0	546	577	150	55	4.50e-10	62.0
gene_59	SRR8088696.5237223.2	72.973	37	10	0	35	71	116	6	5.11e-10	61.6
gene_59	SRR8088696.5101373.2	72.973	37	10	0	35	71	116	6	5.11e-10	61.6
gene_59	SRR8088696.2425069.2	72.973	37	10	0	35	71	116	6	5.11e-10	61.6
gene_59	SRR8088696.21122342.2	93.333	30	2	0	548	577	151	62	5.26e-10	61.6
gene_59	SRR8088696.18887097.2	62.222	45	17	0	53	97	3	137	5.41e-10	61.6
gene_59	SRR8088696.20974708.2	56.000	50	20	1	13	60	1	150	6.33e-10	61.2
gene_59	SRR8088696.17156792.1	63.636	44	16	0	54	97	149	18	6.52e-10	61.2
gene_59	SRR8088696.21756311.2	58.696	46	19	0	511	556	139	2	6.65e-10	61.2
gene_59	SRR8088696.7175775.2	58.696	46	19	0	511	556	12	149	6.65e-10	61.2
gene_59	SRR8088696.2517857.1	58.696	46	19	0	511	556	12	149	6.65e-10	61.2
gene_59	SRR8088696.20385293.2	58.696	46	19	0	511	556	13	150	8.41e-10	61.2
gene_59	SRR8088696.19158326.2	58.696	46	19	0	511	556	13	150	8.41e-10	61.2
gene_59	SRR8088696.17585498.1	67.500	40	13	0	331	370	31	150	9.09e-10	60.8
gene_59	SRR8088696.19769957.2	63.636	44	16	0	54	97	148	17	1.08e-09	60.8
gene_59	SRR8088696.5799078.2	72.973	37	10	0	34	70	40	150	1.11e-09	60.8
gene_59	SRR8088696.22932278.2	83.871	31	5	0	532	562	93	1	1.12e-09	60.8
gene_59	SRR8088696.2267652.1	89.286	28	3	0	529	556	85	2	1.45e-09	60.5
gene_59	SRR8088696.20554281.1	72.973	37	10	0	540	576	1	111	1.80e-09	60.1
gene_59	SRR8088696.12865972.1	93.103	29	2	0	549	577	3	89	1.84e-09	60.1
gene_59	SRR8088696.3758600.2	62.162	37	14	0	73	109	146	36	2.09e-09	60.1
gene_59	SRR8088696.3661714.1	62.162	37	14	0	73	109	146	36	2.09e-09	60.1
gene_59	SRR8088696.3758600.1	60.000	40	16	0	2	41	22	141	2.19e-09	59.7
gene_59	SRR8088696.15541175.2	60.000	40	16	0	2	41	141	22	2.54e-09	59.7
gene_59	SRR8088696.16372778.2	89.655	29	3	0	549	577	1	87	2.72e-09	59.7
gene_59	SRR8088696.17350755.2	58.000	50	19	1	30	77	1	150	2.85e-09	59.7
gene_59	SRR8088696.18096998.2	56.250	48	21	0	44	91	144	1	2.94e-09	59.7
gene_59	SRR8088696.20070103.1	60.417	48	17	1	338	385	2	139	2.97e-09	59.3
gene_59	SRR8088696.15541175.1	60.000	40	16	0	2	41	21	140	3.08e-09	59.3
gene_59	SRR8088696.7730457.2	57.143	49	21	0	22	70	2	148	3.86e-09	59.3
gene_59	SRR8088696.1406874.2	64.286	42	15	0	56	97	143	18	4.43e-09	58.9
gene_59	SRR8088696.1406874.1	64.286	42	15	0	56	97	2	127	4.43e-09	58.9
gene_59	SRR8088696.7875449.2	72.973	37	10	0	541	577	2	112	4.47e-09	58.9
gene_59	SRR8088696.5102504.1	42.683	82	14	2	468	549	1	147	4.88e-09	58.9
gene_59	SRR8088696.6939984.2	54.167	48	22	0	513	560	6	149	7.08e-09	58.5
gene_59	SRR8088696.85.2	56.000	50	20	1	32	79	1	150	8.44e-09	58.2
gene_59	SRR8088696.15895477.1	88.889	27	3	0	532	558	65	145	1.05e-08	57.8
gene_59	SRR8088696.14322034.1	92.857	28	2	0	550	577	149	66	1.20e-08	57.8
gene_59	SRR8088696.192544.1	92.857	28	2	0	550	577	149	66	1.20e-08	57.8
gene_59	SRR8088696.20479628.2	92.857	28	2	0	550	577	151	68	1.50e-08	57.4
gene_59	SRR8088696.8582642.2	52.083	48	21	1	5	50	6	149	1.58e-08	57.4
gene_59	SRR8088696.6407768.2	56.522	46	20	0	511	556	12	149	1.64e-08	57.4
gene_59	SRR8088696.5753710.2	54.000	50	21	1	38	85	151	2	1.66e-08	57.4
gene_59	SRR8088696.22276039.1	65.789	38	13	0	4	41	144	31	1.78e-08	57.4
gene_59	SRR8088696.14072607.1	67.647	34	11	0	2	35	49	150	1.85e-08	57.4
gene_59	SRR8088696.17319504.2	63.415	41	15	0	35	75	29	151	2.08e-08	57.0
gene_59	SRR8088696.22801602.1	57.500	40	17	0	2	41	21	140	2.50e-08	57.0
gene_59	SRR8088696.12150332.2	56.250	48	21	0	22	69	8	151	2.57e-08	57.0
gene_59	SRR8088696.12120043.2	56.250	48	21	0	22	69	8	151	2.57e-08	57.0
gene_59	SRR8088696.22959132.2	56.818	44	19	0	511	554	133	2	2.60e-08	57.0
gene_59	SRR8088696.4701503.1	53.191	47	22	0	72	118	149	9	2.89e-08	56.6
gene_59	SRR8088696.12179484.2	69.444	36	11	0	334	369	149	42	3.13e-08	56.6
gene_59	SRR8088696.8369131.2	59.574	47	19	0	44	90	144	4	3.35e-08	56.6
gene_59	SRR8088696.22276032.1	60.000	40	16	0	2	41	150	31	4.32e-08	56.2
gene_59	SRR8088696.19343092.2	63.415	41	15	0	324	364	125	3	4.50e-08	56.2
gene_59	SRR8088696.19343092.2	62.162	37	14	0	127	163	140	30	6.25e-07	52.8
gene_59	SRR8088696.19124722.2	89.286	28	3	0	550	577	151	68	4.96e-08	55.8
gene_59	SRR8088696.17539447.2	54.000	50	21	1	332	381	2	145	5.36e-08	55.8
gene_59	SRR8088696.4962759.2	53.333	45	21	0	332	376	2	136	6.09e-08	55.8
gene_59	SRR8088696.1764130.2	60.417	48	18	1	55	101	6	149	7.40e-08	55.5
gene_59	SRR8088696.7968573.2	60.465	43	17	0	48	90	132	4	7.93e-08	55.5
gene_59	SRR8088696.966362.2	92.593	27	2	0	551	577	1	81	1.20e-07	55.1
gene_59	SRR8088696.19659448.2	92.593	27	2	0	551	577	2	82	1.22e-07	55.1
gene_59	SRR8088696.13422057.2	92.593	27	2	0	551	577	2	82	1.22e-07	55.1
gene_59	SRR8088696.231752.2	63.415	41	15	0	529	569	20	142	1.31e-07	54.7
gene_59	SRR8088696.12018452.2	54.348	46	21	0	531	576	148	11	1.37e-07	54.7
gene_59	SRR8088696.4901767.2	54.348	46	21	0	531	576	148	11	1.37e-07	54.7
gene_59	SRR8088696.12334043.1	92.593	27	2	0	551	577	2	82	1.37e-07	54.7
gene_59	SRR8088696.1159334.1	50.000	54	19	1	501	554	139	2	1.39e-07	54.7
gene_59	SRR8088696.2528887.2	92.593	27	2	0	551	577	1	81	1.51e-07	54.7
gene_59	SRR8088696.11499821.1	61.905	42	16	0	56	97	1	126	1.53e-07	54.7
gene_59	SRR8088696.2932604.1	51.923	52	23	1	334	385	1	150	1.57e-07	54.7
gene_59	SRR8088696.691994.1	88.000	25	3	0	529	553	76	2	1.77e-07	54.3
gene_59	SRR8088696.14943878.1	70.588	34	10	0	332	365	103	2	1.82e-07	54.3
gene_59	SRR8088696.12772698.2	60.526	38	15	0	332	369	119	6	1.86e-07	54.3
gene_59	SRR8088696.12772673.2	60.526	38	15	0	332	369	119	6	1.86e-07	54.3
gene_59	SRR8088696.301750.2	60.526	38	15	0	332	369	119	6	1.86e-07	54.3
gene_59	SRR8088696.13367116.2	61.702	47	17	1	55	100	143	3	1.93e-07	54.3
gene_59	SRR8088696.21769235.1	61.702	47	17	1	55	100	8	148	1.93e-07	54.3
gene_59	SRR8088696.7033955.1	61.702	47	17	1	55	100	143	3	1.93e-07	54.3
gene_59	SRR8088696.860875.1	61.702	47	17	1	55	100	143	3	1.93e-07	54.3
gene_59	SRR8088696.12445132.1	61.224	49	16	2	341	389	1	138	2.07e-07	54.3
gene_59	SRR8088696.14844505.2	59.524	42	17	0	56	97	1	126	2.24e-07	54.3
gene_59	SRR8088696.17129197.2	51.923	52	23	1	337	388	1	150	2.28e-07	54.3
gene_59	SRR8088696.6209725.2	60.417	48	18	1	55	101	6	149	2.30e-07	54.3
gene_59	SRR8088696.5855441.2	60.417	48	18	1	55	101	6	149	2.30e-07	54.3
gene_59	SRR8088696.16694970.1	60.417	48	18	1	55	101	6	149	2.30e-07	54.3
gene_59	SRR8088696.16034573.1	60.417	48	18	1	55	101	6	149	2.30e-07	54.3
gene_59	SRR8088696.7736857.1	60.417	48	18	1	55	101	6	149	2.30e-07	54.3
gene_59	SRR8088696.9389884.1	60.870	46	17	1	57	101	1	138	2.89e-07	53.9
gene_59	SRR8088696.23690157.2	53.061	49	21	1	337	385	6	146	3.03e-07	53.9
gene_59	SRR8088696.5144781.1	53.061	49	21	1	337	385	7	147	3.44e-07	53.5
gene_59	SRR8088696.16694970.2	60.870	46	17	1	57	101	150	13	3.83e-07	53.5
gene_59	SRR8088696.13529414.1	60.870	46	17	1	57	101	2	139	3.83e-07	53.5
gene_59	SRR8088696.3168073.1	53.061	49	21	1	337	385	8	148	3.83e-07	53.5
gene_59	SRR8088696.19744193.2	54.167	48	20	1	334	381	3	140	4.10e-07	53.5
gene_59	SRR8088696.11476234.1	59.524	42	17	0	56	97	1	126	4.23e-07	53.5
gene_59	SRR8088696.18091553.1	56.000	50	20	1	30	77	1	150	4.35e-07	53.5
gene_59	SRR8088696.12611073.1	56.000	50	20	1	30	77	1	150	4.35e-07	53.5
gene_59	SRR8088696.21262734.2	54.762	42	19	0	511	552	26	151	4.57e-07	53.1
gene_59	SRR8088696.21122342.1	54.762	42	19	0	511	552	25	150	4.57e-07	53.1
gene_59	SRR8088696.16317783.1	54.762	42	19	0	511	552	25	150	4.57e-07	53.1
gene_59	SRR8088696.14547357.1	54.762	42	19	0	511	552	128	3	4.57e-07	53.1
gene_59	SRR8088696.8263581.1	54.762	42	19	0	511	552	25	150	4.57e-07	53.1
gene_59	SRR8088696.6814674.1	54.762	42	19	0	511	552	128	3	4.57e-07	53.1
gene_59	SRR8088696.5343802.2	66.667	33	11	0	2	34	99	1	4.71e-07	53.1
gene_59	SRR8088696.4411163.1	66.667	33	11	0	2	34	99	1	4.71e-07	53.1
gene_59	SRR8088696.19688537.1	62.791	43	16	0	535	577	147	19	4.90e-07	53.1
gene_59	SRR8088696.17243443.2	54.167	48	20	1	338	385	1	138	5.04e-07	53.1
gene_59	SRR8088696.17709970.1	57.143	42	18	0	122	163	10	135	5.73e-07	53.1
gene_59	SRR8088696.17709970.1	59.459	37	15	0	324	360	40	150	1.57e-05	48.9
gene_59	SRR8088696.12145442.2	92.308	26	2	0	552	577	150	73	5.90e-07	53.1
gene_59	SRR8088696.18549095.2	62.500	32	12	0	82	113	19	114	6.07e-07	52.8
gene_59	SRR8088696.15266042.2	59.459	37	15	0	332	368	112	2	6.38e-07	52.8
gene_59	SRR8088696.15266042.2	55.263	38	17	0	127	164	151	38	8.31e-05	47.0
gene_59	SRR8088696.7567452.2	59.459	37	15	0	333	369	123	13	6.44e-07	52.8
gene_59	SRR8088696.18401255.1	64.865	37	13	0	5	41	121	11	7.24e-07	52.8
gene_59	SRR8088696.4042485.2	60.976	41	14	1	345	385	1	117	7.31e-07	52.8
gene_59	SRR8088696.8105474.2	55.102	49	21	1	59	106	148	2	7.76e-07	52.8
gene_59	SRR8088696.4631570.1	81.250	32	6	0	546	577	150	55	7.99e-07	52.8
gene_59	SRR8088696.10944670.1	55.102	49	20	1	29	75	149	3	8.55e-07	52.4
gene_59	SRR8088696.7968573.1	64.706	34	12	0	2	35	49	150	9.25e-07	52.4
gene_59	SRR8088696.7272097.2	54.000	50	21	1	29	76	151	2	9.62e-07	52.4
gene_59	SRR8088696.9409237.2	51.020	49	22	1	337	385	6	146	9.81e-07	52.4
gene_59	SRR8088696.18529949.2	50.000	54	22	1	489	542	148	2	1.15e-06	52.0
gene_59	SRR8088696.8971380.2	57.143	49	19	1	37	83	1	147	1.28e-06	52.0
gene_59	SRR8088696.23468381.1	61.905	42	16	0	56	97	1	126	1.33e-06	52.0
gene_59	SRR8088696.10254747.2	55.102	49	21	1	50	97	4	150	1.37e-06	52.0
gene_59	SRR8088696.10568456.1	54.348	46	21	0	22	67	13	150	1.38e-06	52.0
gene_59	SRR8088696.5956213.2	55.556	45	20	0	120	164	138	4	1.44e-06	52.0
gene_59	SRR8088696.893792.1	51.020	49	22	1	24	70	149	3	1.71e-06	51.6
gene_59	SRR8088696.18153697.2	57.143	49	20	1	50	97	148	2	2.17e-06	51.2
gene_59	SRR8088696.16243341.2	57.143	49	20	1	50	97	148	2	2.17e-06	51.2
gene_59	SRR8088696.10254729.2	57.143	49	20	1	50	97	4	150	2.17e-06	51.2
gene_59	SRR8088696.5878334.2	63.158	38	14	0	118	155	114	1	2.42e-06	51.2
gene_59	SRR8088696.11991770.1	53.191	47	21	1	64	109	9	149	2.83e-06	51.2
gene_59	SRR8088696.6414107.1	53.191	47	21	1	64	109	9	149	2.83e-06	51.2
gene_59	SRR8088696.14915738.2	53.191	47	21	1	64	109	3	143	2.91e-06	50.8
gene_59	SRR8088696.409430.1	53.191	47	21	1	64	109	3	143	2.91e-06	50.8
gene_59	SRR8088696.12075685.1	53.191	47	21	1	64	109	9	149	2.94e-06	50.8
gene_59	SRR8088696.22343274.2	58.140	43	18	0	48	90	134	6	3.03e-06	50.8
gene_59	SRR8088696.10193601.2	60.606	33	13	0	2	34	118	20	3.24e-06	50.8
gene_59	SRR8088696.14844043.1	92.000	25	2	0	553	577	3	77	3.31e-06	50.8
gene_59	SRR8088696.14920686.2	53.191	47	21	1	64	109	147	7	3.40e-06	50.8
gene_59	SRR8088696.13166980.2	92.000	25	2	0	553	577	3	77	3.42e-06	50.8
gene_59	SRR8088696.2758514.1	92.000	25	2	0	553	577	3	77	3.42e-06	50.8
gene_59	SRR8088696.7306883.2	92.000	25	2	0	553	577	148	74	3.51e-06	50.8
gene_59	SRR8088696.4147663.1	58.537	41	16	1	467	506	145	23	3.98e-06	50.4
gene_59	SRR8088696.7785467.2	47.059	51	18	2	5	55	9	134	4.22e-06	50.4
gene_59	SRR8088696.21005406.1	48.980	49	23	1	24	70	149	3	4.43e-06	50.4
gene_59	SRR8088696.23437958.2	54.167	48	20	1	334	381	3	140	4.66e-06	50.4
gene_59	SRR8088696.21101474.2	47.059	51	18	2	5	55	128	3	5.14e-06	50.4
gene_59	SRR8088696.2978916.2	47.059	51	18	2	5	55	26	151	5.14e-06	50.4
gene_59	SRR8088696.2002524.1	62.500	40	15	0	114	153	8	127	5.39e-06	50.4
gene_59	SRR8088696.7971275.1	53.191	47	21	1	64	109	145	5	5.56e-06	50.1
gene_59	SRR8088696.442683.2	57.447	47	19	1	531	577	150	13	5.72e-06	50.1
gene_59	SRR8088696.9409223.2	55.000	40	18	0	337	376	6	125	5.78e-06	50.1
gene_59	SRR8088696.7800543.2	62.500	40	15	0	114	153	25	144	5.95e-06	50.1
gene_59	SRR8088696.10813949.2	55.102	49	20	1	37	83	149	3	6.01e-06	50.1
gene_59	SRR8088696.19830755.1	71.875	32	9	0	122	153	41	136	6.01e-06	50.1
gene_59	SRR8088696.20354270.2	57.143	42	16	1	340	381	5	124	6.19e-06	50.1
gene_59	SRR8088696.13933780.1	62.500	40	15	0	114	153	30	149	6.82e-06	50.1
gene_59	SRR8088696.9736432.1	63.333	30	11	0	5	34	120	31	6.82e-06	50.1
gene_59	SRR8088696.3374282.1	53.061	49	21	2	460	506	3	149	6.82e-06	50.1
gene_59	SRR8088696.1371052.1	63.333	30	11	0	5	34	120	31	6.82e-06	50.1
gene_59	SRR8088696.7037507.1	53.659	41	19	0	511	551	125	3	7.03e-06	50.1
gene_59	SRR8088696.2819748.2	56.250	48	19	1	38	83	149	6	7.17e-06	50.1
gene_59	SRR8088696.20671798.2	56.098	41	18	0	57	97	2	124	7.24e-06	50.1
gene_59	SRR8088696.17820751.1	56.098	41	17	1	467	506	141	19	7.45e-06	49.7
gene_59	SRR8088696.13453896.2	56.098	41	17	1	467	506	129	7	7.83e-06	49.7
gene_59	SRR8088696.2052185.1	56.098	41	17	1	467	506	22	144	7.83e-06	49.7
gene_59	SRR8088696.21174426.1	58.140	43	18	0	48	90	134	6	8.06e-06	49.7
gene_59	SRR8088696.18549095.1	55.000	40	18	0	324	363	122	3	8.14e-06	49.7
gene_59	SRR8088696.4200620.1	56.098	41	17	1	467	506	131	9	8.38e-06	49.7
gene_59	SRR8088696.12492360.2	58.140	43	18	0	48	90	130	2	8.68e-06	49.7
gene_59	SRR8088696.13331586.1	58.140	43	18	0	48	90	140	12	8.72e-06	49.7
gene_59	SRR8088696.17863505.1	56.098	41	17	1	467	506	15	137	8.80e-06	49.7
gene_59	SRR8088696.20262381.1	63.333	30	11	0	5	34	36	125	8.89e-06	49.7
gene_59	SRR8088696.14372312.2	53.333	45	21	0	120	164	5	139	9.52e-06	49.7
gene_59	SRR8088696.6927345.2	53.333	45	21	0	120	164	5	139	9.52e-06	49.7
gene_59	SRR8088696.753001.2	53.333	45	21	0	120	164	4	138	9.52e-06	49.7
gene_59	SRR8088696.752979.2	53.333	45	21	0	120	164	4	138	9.52e-06	49.7
gene_59	SRR8088696.4290390.1	53.333	45	21	0	120	164	4	138	9.52e-06	49.7
gene_59	SRR8088696.3675004.2	64.865	37	12	1	519	554	41	151	9.71e-06	49.7
gene_59	SRR8088696.16026503.1	58.140	43	18	0	48	90	18	146	9.81e-06	49.7
gene_59	SRR8088696.22240722.2	47.059	51	18	2	5	55	128	3	9.90e-06	49.7
gene_59	SRR8088696.18724160.1	53.333	45	21	0	120	164	141	7	1.00e-05	49.7
gene_59	SRR8088696.5237223.1	63.333	30	11	0	5	34	43	132	1.05e-05	49.3
gene_59	SRR8088696.5101373.1	63.333	30	11	0	5	34	43	132	1.05e-05	49.3
gene_59	SRR8088696.11965513.2	57.895	38	16	0	531	568	19	132	1.09e-05	49.3
gene_59	SRR8088696.10907966.2	53.333	45	21	0	120	164	138	4	1.10e-05	49.3
gene_59	SRR8088696.7785467.1	50.000	50	13	1	66	103	151	2	1.14e-05	49.3
gene_59	SRR8088696.14547157.1	53.488	43	20	0	122	164	1	129	1.17e-05	49.3
gene_59	SRR8088696.1096321.2	63.333	30	11	0	5	34	101	12	1.23e-05	49.3
gene_59	SRR8088696.15734203.1	50.000	50	23	1	341	390	150	7	1.28e-05	49.3
gene_59	SRR8088696.18198516.2	52.500	40	19	0	511	550	32	151	1.32e-05	49.3
gene_59	SRR8088696.18198502.2	52.500	40	19	0	511	550	32	151	1.32e-05	49.3
gene_59	SRR8088696.821521.2	52.500	40	19	0	511	550	30	149	1.32e-05	49.3
gene_59	SRR8088696.14355699.1	52.500	40	19	0	511	550	30	149	1.32e-05	49.3
gene_59	SRR8088696.10378579.2	91.667	24	2	0	554	577	1	72	1.33e-05	49.3
gene_59	SRR8088696.9599942.1	50.000	50	23	1	341	390	3	146	1.37e-05	49.3
gene_59	SRR8088696.2440654.2	63.333	30	11	0	5	34	45	134	1.40e-05	48.9
gene_59	SRR8088696.1277413.2	56.098	41	17	1	467	506	141	19	1.44e-05	48.9
gene_59	SRR8088696.23719420.2	46.154	39	20	1	4	42	142	29	1.45e-05	48.9
gene_59	SRR8088696.21555536.2	46.154	39	20	1	4	42	5	118	1.45e-05	48.9
gene_59	SRR8088696.18749100.2	46.154	39	20	1	4	42	135	22	1.45e-05	48.9
gene_59	SRR8088696.18328439.2	46.154	39	20	1	4	42	127	14	1.45e-05	48.9
gene_59	SRR8088696.18328431.2	46.154	39	20	1	4	42	127	14	1.45e-05	48.9
gene_59	SRR8088696.13146959.2	46.154	39	20	1	4	42	5	118	1.45e-05	48.9
gene_59	SRR8088696.10813937.2	57.143	49	19	1	37	83	149	3	1.45e-05	48.9
gene_59	SRR8088696.9508567.2	46.154	39	20	1	4	42	116	3	1.45e-05	48.9
gene_59	SRR8088696.6381174.2	46.154	39	20	1	4	42	37	150	1.45e-05	48.9
gene_59	SRR8088696.22039174.1	46.154	39	20	1	4	42	10	123	1.45e-05	48.9
gene_59	SRR8088696.15847976.1	46.154	39	20	1	4	42	133	20	1.45e-05	48.9
gene_59	SRR8088696.15714064.1	46.154	39	20	1	4	42	116	3	1.45e-05	48.9
gene_59	SRR8088696.12601929.2	53.488	43	20	0	122	164	150	22	1.55e-05	48.9
gene_59	SRR8088696.17319504.1	53.488	43	20	0	122	164	151	23	1.55e-05	48.9
gene_59	SRR8088696.12485326.1	53.488	43	20	0	122	164	3	131	1.63e-05	48.9
gene_59	SRR8088696.5232239.2	53.333	45	20	1	66	109	148	14	1.71e-05	48.9
gene_59	SRR8088696.23612103.1	63.333	30	11	0	5	34	93	4	1.73e-05	48.9
gene_59	SRR8088696.9751407.1	58.824	34	14	0	332	365	103	2	1.93e-05	48.5
gene_59	SRR8088696.6270831.2	63.333	30	11	0	5	34	55	144	1.95e-05	48.5
gene_59	SRR8088696.23463898.1	50.000	50	13	1	63	100	1	150	1.95e-05	48.5
gene_59	SRR8088696.6209744.2	56.250	48	20	1	55	101	6	149	2.01e-05	48.5
gene_59	SRR8088696.6397609.2	56.098	41	17	1	467	506	5	127	2.07e-05	48.5
gene_59	SRR8088696.21174426.2	52.083	48	21	1	28	73	6	149	2.17e-05	48.5
gene_59	SRR8088696.10086790.1	60.000	30	12	0	5	34	117	28	2.21e-05	48.5
gene_59	SRR8088696.11883691.2	47.368	38	19	1	5	42	3	113	2.23e-05	48.5
gene_59	SRR8088696.8218807.1	60.000	40	16	0	114	153	2	121	2.32e-05	48.5
gene_59	SRR8088696.7800543.1	51.020	49	22	1	342	390	149	9	2.35e-05	48.5
gene_59	SRR8088696.20746700.2	56.098	41	17	1	467	506	141	19	2.49e-05	48.5
gene_59	SRR8088696.9447466.2	77.778	27	6	0	127	153	33	113	2.85e-05	48.1
gene_59	SRR8088696.18239935.2	88.000	25	3	0	553	577	148	74	3.09e-05	48.1
gene_59	SRR8088696.3517037.2	51.111	45	22	0	120	164	148	14	3.24e-05	48.1
gene_59	SRR8088696.6053926.1	46.154	52	19	1	4	55	15	143	3.27e-05	48.1
gene_59	SRR8088696.16116076.1	46.154	52	19	1	4	55	16	144	3.31e-05	48.1
gene_59	SRR8088696.976690.1	46.154	52	19	1	4	55	16	144	3.31e-05	48.1
gene_59	SRR8088696.15391414.2	46.154	52	19	1	4	55	5	133	3.41e-05	48.1
gene_59	SRR8088696.11620352.2	57.500	40	16	1	459	497	17	136	3.47e-05	48.1
gene_59	SRR8088696.21720492.1	57.500	40	16	1	459	497	17	136	3.47e-05	48.1
gene_59	SRR8088696.20262381.2	65.517	29	10	0	6	34	149	63	3.51e-05	48.1
gene_59	SRR8088696.16026931.2	91.304	23	2	0	555	577	3	71	3.58e-05	47.8
gene_59	SRR8088696.4867466.1	56.098	41	16	1	341	381	3	119	3.79e-05	47.8
gene_59	SRR8088696.11749120.1	46.939	49	24	1	24	70	3	149	3.83e-05	47.8
gene_59	SRR8088696.9574278.2	57.500	40	16	1	459	497	17	136	3.95e-05	47.8
gene_59	SRR8088696.17156792.2	46.154	52	19	1	4	55	6	134	4.02e-05	47.8
gene_59	SRR8088696.1073546.2	68.750	32	10	0	122	153	117	22	4.06e-05	47.8
gene_59	SRR8088696.18117542.2	58.824	34	14	0	332	365	103	2	4.18e-05	47.8
gene_59	SRR8088696.18117542.2	55.263	38	17	0	127	164	142	29	8.23e-05	47.0
gene_59	SRR8088696.2267652.2	57.500	40	16	1	459	497	17	136	4.18e-05	47.8
gene_59	SRR8088696.11620352.1	56.098	41	17	1	467	506	144	22	4.23e-05	47.8
gene_59	SRR8088696.19298086.1	51.163	43	21	0	122	164	149	21	4.31e-05	47.8
gene_59	SRR8088696.3747369.2	44.444	45	25	0	331	375	135	1	4.57e-05	47.8
gene_59	SRR8088696.22250175.1	48.000	50	14	1	63	100	1	150	4.66e-05	47.8
gene_59	SRR8088696.18776704.2	57.500	40	16	1	459	497	29	148	4.75e-05	47.8
gene_59	SRR8088696.5104102.1	59.459	37	14	1	471	506	148	38	4.83e-05	47.4
gene_59	SRR8088696.22142807.1	52.174	46	22	0	56	101	150	13	5.14e-05	47.4
gene_59	SRR8088696.23653039.1	62.069	29	11	0	5	33	89	3	5.35e-05	47.4
gene_59	SRR8088696.17605349.1	48.000	50	24	1	341	390	3	146	5.40e-05	47.4
gene_59	SRR8088696.9592462.1	59.459	37	14	1	471	506	146	36	5.73e-05	47.4
gene_59	SRR8088696.11171215.1	59.459	37	14	1	471	506	138	28	6.05e-05	47.4
gene_59	SRR8088696.8612261.1	59.459	37	14	1	471	506	138	28	6.05e-05	47.4
gene_59	SRR8088696.22473023.1	50.000	42	21	0	531	572	140	15	6.07e-05	47.4
gene_59	SRR8088696.22043277.2	52.381	42	20	0	123	164	149	24	6.44e-05	47.4
gene_59	SRR8088696.18512118.2	52.381	42	20	0	123	164	149	24	6.44e-05	47.4
gene_59	SRR8088696.7337174.2	52.381	42	20	0	123	164	149	24	6.44e-05	47.4
gene_59	SRR8088696.3572642.2	52.381	42	20	0	123	164	149	24	6.44e-05	47.4
gene_59	SRR8088696.1714425.2	52.381	42	20	0	123	164	149	24	6.44e-05	47.4
gene_59	SRR8088696.2635879.1	59.459	37	14	1	471	506	138	28	6.48e-05	47.4
gene_59	SRR8088696.20266497.2	51.111	45	22	0	120	164	5	139	6.57e-05	47.4
gene_59	SRR8088696.9185088.2	50.000	46	23	0	531	576	139	2	6.57e-05	47.4
gene_59	SRR8088696.11073782.2	50.000	42	21	0	531	572	132	7	6.64e-05	47.4
gene_59	SRR8088696.7007460.1	76.923	26	6	0	412	437	91	14	6.77e-05	47.0
gene_59	SRR8088696.16027878.2	50.000	48	22	1	343	390	149	12	6.83e-05	47.0
gene_59	SRR8088696.15414976.2	50.000	42	21	0	531	572	130	5	6.90e-05	47.0
gene_59	SRR8088696.6580855.2	50.000	42	21	0	531	572	137	12	7.04e-05	47.0
gene_59	SRR8088696.6936377.1	46.154	52	19	1	4	55	6	134	7.25e-05	47.0
gene_59	SRR8088696.23450157.1	50.000	42	21	0	531	572	137	12	7.61e-05	47.0
gene_59	SRR8088696.5902126.1	50.000	42	21	0	531	572	137	12	7.61e-05	47.0
gene_59	SRR8088696.4509890.1	50.000	42	21	0	531	572	137	12	7.61e-05	47.0
gene_59	SRR8088696.18525161.2	61.538	39	15	0	114	152	33	149	7.76e-05	47.0
gene_59	SRR8088696.17199436.1	48.000	50	17	1	6	55	2	124	7.76e-05	47.0
gene_59	SRR8088696.9313363.1	48.000	50	17	1	6	55	2	124	7.76e-05	47.0
gene_59	SRR8088696.1308377.1	61.538	39	15	0	114	152	33	149	7.76e-05	47.0
gene_59	SRR8088696.3885021.1	50.000	42	21	0	531	572	25	150	7.84e-05	47.0
gene_59	SRR8088696.9451071.1	50.000	42	21	0	531	572	142	17	7.96e-05	47.0
gene_59	SRR8088696.7212051.2	58.974	39	15	1	459	496	117	1	7.99e-05	47.0
gene_59	SRR8088696.16291843.2	50.000	42	21	0	531	572	9	134	8.15e-05	47.0
gene_59	SRR8088696.6760675.2	50.000	42	21	0	531	572	9	134	8.15e-05	47.0
gene_59	SRR8088696.4711501.1	48.000	50	14	1	69	106	150	1	8.15e-05	47.0
gene_59	SRR8088696.4055461.1	61.538	39	15	0	114	152	118	2	8.23e-05	47.0
gene_59	SRR8088696.3674996.2	62.162	37	13	1	519	554	41	151	8.48e-05	47.0
gene_59	SRR8088696.15741533.2	45.946	37	19	1	6	42	149	42	8.82e-05	47.0
gene_66	SRR8088696.15940851.1	44.000	50	28	0	63	112	1	150	1.07e-05	47.0
gene_67	SRR8088696.16353803.1	53.061	49	21	1	134	182	3	143	2.21e-05	47.4
gene_69	SRR8088696.19103842.1	96.552	29	1	0	83	111	3	89	1.27e-11	60.8
gene_69	SRR8088696.19103821.1	96.552	29	1	0	83	111	3	89	1.27e-11	60.8
gene_70	SRR8088696.6679488.1	83.333	36	6	0	79	114	1	108	5.55e-12	62.0
gene_70	SRR8088696.19103842.2	81.250	32	6	0	83	114	148	53	1.37e-08	53.1
gene_70	SRR8088696.19103821.2	81.250	32	6	0	83	114	148	53	1.37e-08	53.1
gene_70	SRR8088696.6679488.2	81.250	32	6	0	83	114	148	53	1.37e-08	53.1
